sample	FusionName	JunctionReadCount	SpanningFragCount	est_J	est_S	SpliceType	LeftGene	LeftBreakpoint	RightGene	RightBreakpoint	LargeAnchorSupport	FFPM	LeftBreakDinuc	LeftBreakEntropy	RightBreakDinuc	RightBreakEntropy	annots	lex_ordered_fusion_name
RT112	FGFR3--TACC3	1693	671	1693	671	ONLY_REF_SPLICE	FGFR3^ENSG00000068078.16	chr4:1806934:+	TACC3^ENSG00000013810.17	chr4:1739702:+	YES_LDAS	46.0287	GT	1.8892	AG	1.7819	[ChimerKB,ChimerSeq,TCGA_StarF2019,CCLE_StarF2019,YOSHIHARA_TCGA,Klijn_CellLines,DEEPEST2019,GUO2018CR_TCGA,ChimerPub,TumorFusionsNAR2018,Cosmic,INTRACHROMOSOMAL[chr4:0.05Mb],LOCAL_REARRANGEMENT:+:[48131]]	RT112|FGFR3--TACC3
RT112	EEF1DP3--FRY	56	30	56	30	ONLY_REF_SPLICE	EEF1DP3^ENSG00000229715.4	chr13:31946181:+	FRY^ENSG00000073910.18	chr13:32078834:+	YES_LDAS	1.6745	GT	1.8256	AG	1.7819	[GTEx_recurrent_StarF2019,Babiceanu_Normal,INTRACHROMOSOMAL[chr13:0.08Mb],NEIGHBORS[77828]]	RT112|EEF1DP3--FRY
RT112	DHRS7B--ALDH3A1	38	0	38	0	ONLY_REF_SPLICE	DHRS7B^ENSG00000109016.16	chr17:21126991:+	ALDH3A1^ENSG00000108602.16	chr17:19738453:-	YES_LDAS	0.7399	GT	1.8295	AG	1.7465	[CCLE_StarF2019,INTRACHROMOSOMAL[chr17:1.37Mb]]	RT112|ALDH3A1--DHRS7B
RT112	TVP23C--CDRT4	38	51	38	43.61	ONLY_REF_SPLICE	TVP23C^ENSG00000175106.15	chr17:15540433:-	CDRT4^ENSG00000239704.9	chr17:15440285:-	YES_LDAS	1.589	GT	1.8323	AG	1.9899	[INTRACHROMOSOMAL[chr17:0.03Mb],NEIGHBORS[26536]]	RT112|CDRT4--TVP23C
RT112	LEPROT--LEPR	12	3	12	3	ONLY_REF_SPLICE	LEPROT^ENSG00000213625.7	chr1:65425378:+	LEPR^ENSG00000116678.17	chr1:65565546:+	YES_LDAS	0.292	GT	1.8256	AG	1.9219	[GTEx_recurrent_StarF2019,ChimerSeq,INTRACHROMOSOMAL[chr1:0.09Mb],NEIGHBORS[89682]]	RT112|LEPR--LEPROT
RT112	TVP23C--CDRT4	12	31	12	5.25	ONLY_REF_SPLICE	TVP23C^ENSG00000175106.15	chr17:15545785:-	CDRT4^ENSG00000239704.9	chr17:15440285:-	YES_LDAS	0.3358	GT	1.9086	AG	1.9899	[INTRACHROMOSOMAL[chr17:0.03Mb],NEIGHBORS[26536]]	RT112|CDRT4--TVP23C
RT112	KANSL1--ARL17B	9	4	8.99	4	ONLY_REF_SPLICE	KANSL1^ENSG00000120071.11	chr17:46094560:-	ARL17B^ENSG00000228696.7	chr17:46352930:-	YES_LDAS	0.2529	GT	1.8892	AG	1.7056	[GTEx_recurrent_StarF2019,Babiceanu_Normal,ChimerSeq,INTRACHROMOSOMAL[chr17:0.05Mb],LOCAL_REARRANGEMENT:-:[49410]]	RT112|ARL17B--KANSL1
RT112	WHSC1--GRK4	9	8	9	5.41	ONLY_REF_SPLICE	WHSC1^ENSG00000109685.16	chr4:1939778:+	GRK4^ENSG00000125388.18	chr4:2992215:+	YES_LDAS	0.2805	GT	1.8062	AG	1.8062	[Klijn_CellLines,INTRACHROMOSOMAL[chr4:0.98Mb]]	RT112|GRK4--WHSC1
RT112	POM121C--ZP3	8	2	6.18	2	ONLY_REF_SPLICE	POM121C^ENSG00000272391.4	chr7:75440954:-	ZP3^ENSG00000188372.13	chr7:76434038:+	YES_LDAS	0.1592	GT	1.1589	AG	1.8256	[GTEx_recurrent_StarF2019,INTRACHROMOSOMAL[chr7:0.91Mb]]	RT112|POM121C--ZP3
RT112	RP4-769N13.6--GPRASP2	6	4	6	4	ONLY_REF_SPLICE	RP4-769N13.6^ENSG00000271147.6	chrX:102605653:+	GPRASP2^ENSG00000158301.17	chrX:102713782:+	YES_LDAS	0.1947	GT	1.6895	AG	1.9656	[INTRACHROMOSOMAL[chrX:0.06Mb],NEIGHBORS[62031]]	RT112|GPRASP2--RP4-769N13.6
RT112	C15orf57--CBX3	6	7	6	4.2	INCL_NON_REF_SPLICE	C15orf57^ENSG00000128891.14	chr15:40562772:-	CBX3^ENSG00000122565.17	chr7:26201769:+	YES_LDAS	0.1986	GT	1.8892	AG	1.3383	[Babiceanu_Normal,INTERCHROMOSOMAL[chr15--chr7]]	RT112|C15orf57--CBX3
RT112	TVP23C--CDRT4	6	29	4.65	2.03	ONLY_REF_SPLICE	TVP23C^ENSG00000175106.15	chr17:15540433:-	CDRT4^ENSG00000239704.9	chr17:15438200:-	YES_LDAS	0.13	GT	1.8323	AG	1.6402	[INTRACHROMOSOMAL[chr17:0.03Mb],NEIGHBORS[26536]]	RT112|CDRT4--TVP23C
RT112	RP11-123O10.4--GRIP1	5	1	5	1	ONLY_REF_SPLICE	RP11-123O10.4^ENSG00000256248.1	chr12:67069050:-	GRIP1^ENSG00000155974.10	chr12:66596927:-	YES_LDAS	0.1169	GT	1.2729	AG	1.9656	[INTRACHROMOSOMAL[chr12:0.09Mb],NEIGHBORS[87690]]	RT112|GRIP1--RP11-123O10.4
RT112	RP11-120D5.1--MID1	5	2	5	2	ONLY_REF_SPLICE	RP11-120D5.1^ENSG00000234129.6	chrX:11055936:-	MID1^ENSG00000101871.13	chrX:10567603:-	YES_LDAS	0.1363	GT	1.9219	AG	1.9656	[INTRACHROMOSOMAL[chrX:0.01Mb],NEIGHBORS[14223]]	RT112|MID1--RP11-120D5.1
RT112	NRIP1--AF127936.7	5	5	5	5	ONLY_REF_SPLICE	NRIP1^ENSG00000180530.8	chr21:15014344:-	AF127936.7^ENSG00000281903.1	chr21:14857708:-	YES_LDAS	0.1948	GT	1.8892	AG	1.5546	[INTRACHROMOSOMAL[chr21:0.04Mb],NEIGHBORS[42683]]	RT112|AF127936.7--NRIP1
RT112	SCHLAP1--UBE2E3	5	6	5	4.29	ONLY_REF_SPLICE	SCHLAP1^ENSG00000281131.1	chr2:180827507:+	UBE2E3^ENSG00000170035.14	chr2:180982018:+	YES_LDAS	0.1809	GT	1.8295	AG	1.8323	[INTRACHROMOSOMAL[chr2:0.05Mb],NEIGHBORS[50309]]	RT112|SCHLAP1--UBE2E3
RT112	TVP23C--RP11-849N15.4	4	2	4	2	ONLY_REF_SPLICE	TVP23C^ENSG00000175106.15	chr17:15540433:-	RP11-849N15.4^ENSG00000266667.1	chr17:15416233:-	YES_LDAS	0.1168	GT	1.8323	AG	1.585	[INTRACHROMOSOMAL[chr17:0.08Mb],NEIGHBORS[84386]]	RT112|RP11-849N15.4--TVP23C
RT112	PALM2--AKAP2	4	3	4	3	INCL_NON_REF_SPLICE	PALM2^ENSG00000243444.6	chr9:110016039:+	AKAP2^ENSG00000241978.8	chr9:110136127:+	YES_LDAS	0.1363	GT	1.9219	AG	1.8295	[ChimerSeq,INTRACHROMOSOMAL[chr9:0.10Mb]]	RT112|AKAP2--PALM2
RT112	RP11-494M8.4--OVCH2	1	5	1	5	ONLY_REF_SPLICE	RP11-494M8.4^ENSG00000254951.6	chr11:7879007:-	OVCH2^ENSG00000183378.10	chr11:7704674:-	YES_LDAS	0.1169	GT	1.7056	AG	1.8256	[INTRACHROMOSOMAL[chr11:0.05Mb],NEIGHBORS[47972]]	RT112|OVCH2--RP11-494M8.4
SKBR3	TATDN1--GSDMB	2783	1	2783	0.75	ONLY_REF_SPLICE	TATDN1^ENSG00000147687.15	chr8:124539025:-	GSDMB^ENSG00000073605.17	chr17:39909924:-	YES_LDAS	67.8052	GT	1.9219	AG	1.5628	[Klijn_CellLines,ChimerPub,CCLE_StarF2019,INTERCHROMOSOMAL[chr8--chr17]]	SKBR3|GSDMB--TATDN1
SKBR3	TATDN1--GSDMB	872	0	872	0	ONLY_REF_SPLICE	TATDN1^ENSG00000147687.15	chr8:124539025:-	GSDMB^ENSG00000073605.17	chr17:39905985:-	YES_LDAS	21.2397	GT	1.9219	AG	1.9086	[Klijn_CellLines,ChimerPub,CCLE_StarF2019,INTERCHROMOSOMAL[chr8--chr17]]	SKBR3|GSDMB--TATDN1
SKBR3	TATDN1--GSDMB	512	1	512	0.14	ONLY_REF_SPLICE	TATDN1^ENSG00000147687.15	chr8:124539025:-	GSDMB^ENSG00000073605.17	chr17:39906271:-	YES_LDAS	12.4744	GT	1.9219	AG	1.7819	[Klijn_CellLines,ChimerPub,CCLE_StarF2019,INTERCHROMOSOMAL[chr8--chr17]]	SKBR3|GSDMB--TATDN1
SKBR3	TATDN1--GSDMB	432	5	432	4.12	ONLY_REF_SPLICE	TATDN1^ENSG00000147687.15	chr8:124538928:-	GSDMB^ENSG00000073605.17	chr17:39909924:-	YES_LDAS	10.6228	GT	1.7465	AG	1.5628	[Klijn_CellLines,ChimerPub,CCLE_StarF2019,INTERCHROMOSOMAL[chr8--chr17]]	SKBR3|GSDMB--TATDN1
SKBR3	CYTH1--EIF3H	205	0	205	0	ONLY_REF_SPLICE	CYTH1^ENSG00000108669.15	chr17:78782202:-	EIF3H^ENSG00000147677.9	chr8:116756019:-	YES_LDAS	4.9933	GT	1.8256	AG	1.9329	[Klijn_CellLines,ChimerSeq,CCLE_StarF2019,INTERCHROMOSOMAL[chr17--chr8]]	SKBR3|CYTH1--EIF3H
SKBR3	RARA--PKIA	164	0	164	0	ONLY_REF_SPLICE	RARA^ENSG00000131759.16	chr17:40309286:+	PKIA^ENSG00000171033.11	chr8:78572811:+	YES_LDAS	3.9946	GT	1.7819	AG	1.6402	[ChimerSeq,CCLE_StarF2019,INTERCHROMOSOMAL[chr17--chr8]]	SKBR3|PKIA--RARA
SKBR3	SUMF1--LRRFIP2	109	45	109	45	ONLY_REF_SPLICE	SUMF1^ENSG00000144455.12	chr3:4376330:-	LRRFIP2^ENSG00000093167.16	chr3:37129149:-	YES_LDAS	3.7511	GT	1.9899	AG	1.7465	[Klijn_CellLines,ChimerSeq,CCLE_StarF2019,INTRACHROMOSOMAL[chr3:32.59Mb]]	SKBR3|LRRFIP2--SUMF1
SKBR3	TAF2--COLEC10	68	25	68	25	ONLY_REF_SPLICE	TAF2^ENSG00000064313.10	chr8:119795532:-	COLEC10^ENSG00000184374.2	chr8:119102348:+	YES_LDAS	2.2652	GT	1.8062	AG	1.5628	[CCLE_StarF2019,INTRACHROMOSOMAL[chr8:0.62Mb]]	SKBR3|COLEC10--TAF2
SKBR3	CYTH1--EIF3H	64	0	64	0	ONLY_REF_SPLICE	CYTH1^ENSG00000108669.15	chr17:78782202:-	EIF3H^ENSG00000147677.9	chr8:116726172:-	YES_LDAS	1.5589	GT	1.8256	AG	1.5656	[Klijn_CellLines,ChimerSeq,CCLE_StarF2019,INTERCHROMOSOMAL[chr17--chr8]]	SKBR3|CYTH1--EIF3H
SKBR3	KLHDC2--SNTB1	60	36	60	36	ONLY_REF_SPLICE	KLHDC2^ENSG00000165516.9	chr14:49782594:+	SNTB1^ENSG00000172164.12	chr8:120548958:-	YES_LDAS	2.3383	GT	1.9086	AG	1.9329	[CCLE_StarF2019,INTERCHROMOSOMAL[chr14--chr8]]	SKBR3|KLHDC2--SNTB1
SKBR3	CCDC85C--SETD3	54	5	54	4.35	ONLY_REF_SPLICE	CCDC85C^ENSG00000205476.7	chr14:99536015:-	SETD3^ENSG00000183576.11	chr14:99413934:-	YES_LDAS	1.4213	GT	1.8892	AG	1.6729	[TCGA_StarF2019,CCLE_StarF2019,INTRACHROMOSOMAL[chr14:0.02Mb],NEIGHBORS[19291]]	SKBR3|CCDC85C--SETD3
SKBR3	CYTH1--EIF3H	53	0	53	0	ONLY_REF_SPLICE	CYTH1^ENSG00000108669.15	chr17:78782202:-	EIF3H^ENSG00000147677.9	chr8:116658980:-	YES_LDAS	1.2909	GT	1.8256	AG	1.9656	[Klijn_CellLines,ChimerSeq,CCLE_StarF2019,INTERCHROMOSOMAL[chr17--chr8]]	SKBR3|CYTH1--EIF3H
SKBR3	RARA--PKIA	40	0	40	0	INCL_NON_REF_SPLICE	RARA^ENSG00000131759.16	chr17:40309286:+	PKIA^ENSG00000171033.11	chr8:78567481:+	YES_LDAS	0.9743	GT	1.7819	AG	1.7056	[ChimerSeq,CCLE_StarF2019,INTERCHROMOSOMAL[chr17--chr8]]	SKBR3|PKIA--RARA
SKBR3	ACOT8--WASH7P	36	10	25.2	6.91	ONLY_REF_SPLICE	ACOT8^ENSG00000101473.15	chr20:45855159:-	WASH7P^ENSG00000226210.3	chr12:26954:-	YES_LDAS	0.7821	GT	1.9086	AG	1.9219	[INTERCHROMOSOMAL[chr20--chr1]]	SKBR3|ACOT8--WASH7P
SKBR3	ANKHD1--PCDH1	35	11	35	11	ONLY_REF_SPLICE	ANKHD1^ENSG00000131503.19	chr5:140445975:+	PCDH1^ENSG00000156453.12	chr5:141854436:-	YES_LDAS	1.1204	GT	1.9656	AG	1.6895	[ChimerSeq,CCLE_StarF2019,INTRACHROMOSOMAL[chr5:1.31Mb]]	SKBR3|ANKHD1--PCDH1
SKBR3	ACOT8--WASH7P	33	10	4.7	1.29	ONLY_REF_SPLICE	ACOT8^ENSG00000101473.15	chr20:45855159:-	WASH7P^ENSG00000227232.5	chr1:24891:-	YES_LDAS	0.1459	GT	1.9086	AG	1.9219	[INTERCHROMOSOMAL[chr20--chr1]]	SKBR3|ACOT8--WASH7P
SKBR3	PREX1--CPNE1	30	1	30	0.75	ONLY_REF_SPLICE	PREX1^ENSG00000124126.12	chr20:48747809:-	CPNE1^ENSG00000214078.10	chr20:35627413:-	YES_LDAS	0.749	GT	1.7056	AG	1.9656	[CCLE_StarF2019,INTRACHROMOSOMAL[chr20:12.96Mb]]	SKBR3|CPNE1--PREX1
SKBR3	RARA--PKIA	27	0	27	0	ONLY_REF_SPLICE	RARA^ENSG00000131759.16	chr17:40309286:+	PKIA^ENSG00000171033.11	chr8:78598358:+	YES_LDAS	0.6577	GT	1.7819	AG	1.9329	[ChimerSeq,CCLE_StarF2019,INTERCHROMOSOMAL[chr17--chr8]]	SKBR3|PKIA--RARA
SKBR3	LEPROT--LEPR	26	2	26	2	ONLY_REF_SPLICE	LEPROT^ENSG00000213625.7	chr1:65425378:+	LEPR^ENSG00000116678.17	chr1:65565546:+	YES_LDAS	0.682	GT	1.8256	AG	1.9219	[GTEx_recurrent_StarF2019,ChimerSeq,INTRACHROMOSOMAL[chr1:0.09Mb],NEIGHBORS[89682]]	SKBR3|LEPR--LEPROT
SKBR3	DHX35--ITCH	23	14	23	14	ONLY_REF_SPLICE	DHX35^ENSG00000101452.13	chr20:38969214:+	ITCH^ENSG00000078747.11	chr20:34369394:+	YES_LDAS	0.9012	GT	1.9899	AG	1.9329	[ChimerSeq,CCLE_StarF2019,INTRACHROMOSOMAL[chr20:4.45Mb]]	SKBR3|DHX35--ITCH
SKBR3	POM121C--ZP3	20	1	17.4	1	ONLY_REF_SPLICE	POM121C^ENSG00000272391.4	chr7:75440954:-	ZP3^ENSG00000188372.13	chr7:76434038:+	YES_LDAS	0.4482	GT	1.1589	AG	1.8256	[GTEx_recurrent_StarF2019,INTRACHROMOSOMAL[chr7:0.91Mb]]	SKBR3|POM121C--ZP3
SKBR3	SAMD12--MRPL13	19	36	19	26.49	ONLY_REF_SPLICE	SAMD12^ENSG00000177570.12	chr8:118439832:-	MRPL13^ENSG00000172172.6	chr8:120443308:-	YES_LDAS	1.108	GT	1.9219	AG	1.9656	[CCLE_StarF2019,INTRACHROMOSOMAL[chr8:1.76Mb]]	SKBR3|MRPL13--SAMD12
SKBR3	NCOA2--CALB1	17	0	17	0	ONLY_REF_SPLICE	NCOA2^ENSG00000140396.11	chr8:70403700:-	CALB1^ENSG00000104327.6	chr8:90082102:-	YES_LDAS	0.4141	GT	1.5058	AG	1.8892	[CCLE_StarF2019,INTRACHROMOSOMAL[chr8:19.65Mb]]	SKBR3|CALB1--NCOA2
SKBR3	TBC1D31--ZNF704	12	7	12	6.7	ONLY_REF_SPLICE	TBC1D31^ENSG00000156787.15	chr8:123084340:+	ZNF704^ENSG00000164684.12	chr8:80821615:-	YES_LDAS	0.4555	GT	1.7819	AG	1.7465	[ChimerSeq,CCLE_StarF2019,INTRACHROMOSOMAL[chr8:42.17Mb]]	SKBR3|TBC1D31--ZNF704
SKBR3	PREX1--CPNE1	10	1	10	0.25	ONLY_REF_SPLICE	PREX1^ENSG00000124126.12	chr20:48747809:-	CPNE1^ENSG00000214078.10	chr20:35626803:-	YES_LDAS	0.2497	GT	1.7056	AG	1.9329	[CCLE_StarF2019,INTRACHROMOSOMAL[chr20:12.96Mb]]	SKBR3|CPNE1--PREX1
SKBR3	RP11-439L18.2--HIVEP2	10	6	10	6	INCL_NON_REF_SPLICE	RP11-439L18.2^ENSG00000224460.1	chr6:142945944:-	HIVEP2^ENSG00000010818.7	chr6:142837047:-	YES_LDAS	0.3897	GT	1.9329	AG	1.9086	[INTRACHROMOSOMAL[chr6:0.00Mb],NEIGHBORS[846]]	SKBR3|HIVEP2--RP11-439L18.2
SKBR3	SAMD12--MRPL13	9	25	9	5.3	ONLY_REF_SPLICE	SAMD12^ENSG00000177570.12	chr8:118580715:-	MRPL13^ENSG00000172172.6	chr8:120443308:-	YES_LDAS	0.3483	GT	1.8892	AG	1.9656	[CCLE_StarF2019,INTRACHROMOSOMAL[chr8:1.76Mb]]	SKBR3|MRPL13--SAMD12
SKBR3	RP4-769N13.6--GPRASP2	8	0	8	0	ONLY_REF_SPLICE	RP4-769N13.6^ENSG00000271147.6	chrX:102605653:+	GPRASP2^ENSG00000158301.17	chrX:102713782:+	YES_LDAS	0.1949	GT	1.6895	AG	1.9656	[INTRACHROMOSOMAL[chrX:0.06Mb],NEIGHBORS[62031]]	SKBR3|GPRASP2--RP4-769N13.6
SKBR3	VSTM2L--CTNNBL1	8	1	8	1	ONLY_REF_SPLICE	VSTM2L^ENSG00000132821.10	chr20:37933589:+	CTNNBL1^ENSG00000132792.17	chr20:37859899:+	YES_LDAS	0.2193	GT	1.7232	AG	1.8892	[Klijn_CellLines,TumorFusionsNAR2018,TCGA_StarF2019,CCLE_StarF2019,INTRACHROMOSOMAL[chr20:0.03Mb],LOCAL_REARRANGEMENT:+:[30975]]	SKBR3|CTNNBL1--VSTM2L
SKBR3	CCDC85C--SETD3	8	5	8	0.65	ONLY_REF_SPLICE	CCDC85C^ENSG00000205476.7	chr14:99536015:-	SETD3^ENSG00000183576.11	chr14:99406590:-	YES_LDAS	0.2107	GT	1.8892	AG	1.9329	[TCGA_StarF2019,CCLE_StarF2019,INTRACHROMOSOMAL[chr14:0.02Mb],NEIGHBORS[19291]]	SKBR3|CCDC85C--SETD3
SKBR3	BLOC1S6--AKAP13	7	2	7	1.17	ONLY_REF_SPLICE	BLOC1S6^ENSG00000104164.9	chr15:45587525:+	AKAP13^ENSG00000170776.18	chr15:85639374:+	YES_LDAS	0.199	GT	1.6895	AG	1.5546	[INTRACHROMOSOMAL[chr15:39.76Mb]]	SKBR3|AKAP13--BLOC1S6
SKBR3	SHISA9--U91319.1	7	3	7	3	ONLY_REF_SPLICE	SHISA9^ENSG00000237515.7	chr16:13203549:+	U91319.1^ENSG00000262801.4	chr16:13350180:+	YES_LDAS	0.2436	GT	1.9899	AG	1.9656	[GTEx_recurrent_StarF2019,INTRACHROMOSOMAL[chr16:0.01Mb],NEIGHBORS[5903]]	SKBR3|SHISA9--U91319.1
SKBR3	UMAD1--GLCCI1	6	1	6	1	ONLY_REF_SPLICE	UMAD1^ENSG00000219545.8	chr7:7801743:+	GLCCI1^ENSG00000106415.11	chr7:8003908:+	YES_LDAS	0.1705	GT	1.9656	AG	1.7465	[GTEx_recurrent_StarF2019,INTRACHROMOSOMAL[chr7:0.00Mb],NEIGHBORS[774]]	SKBR3|GLCCI1--UMAD1
SKBR3	PBRM1--WDR82	6	2	6	2	ONLY_REF_SPLICE	PBRM1^ENSG00000163939.17	chr3:52668498:-	WDR82^ENSG00000164091.10	chr3:52270809:-	YES_LDAS	0.1948	GT	1.8323	AG	1.6895	[INTRACHROMOSOMAL[chr3:0.26Mb]]	SKBR3|PBRM1--WDR82
SKBR3	ATAD5--TLK2	6	6	6	5.38	ONLY_REF_SPLICE	ATAD5^ENSG00000176208.7	chr17:30879487:+	TLK2^ENSG00000146872.16	chr17:62573215:+	YES_LDAS	0.2771	GT	1.8323	AG	1.6895	[CCLE_StarF2019,INTRACHROMOSOMAL[chr17:31.56Mb]]	SKBR3|ATAD5--TLK2
SKBR3	EIF2B5--RP11-132N15.1	5	1	5	1	INCL_NON_REF_SPLICE	EIF2B5^ENSG00000145191.10	chr3:184136736:+	RP11-132N15.1^ENSG00000225058.1	chr3:188003988:-	YES_LDAS	0.1462	GT	1.7465	AG	1.9899	[INTRACHROMOSOMAL[chr3:3.31Mb]]	SKBR3|EIF2B5--RP11-132N15.1
SKBR3	SAMD12--MRPL13	5	23	5	2.68	ONLY_REF_SPLICE	SAMD12^ENSG00000177570.12	chr8:118439832:-	MRPL13^ENSG00000172172.6	chr8:120432123:-	YES_LDAS	0.1871	GT	1.9219	AG	1.7968	[CCLE_StarF2019,INTRACHROMOSOMAL[chr8:1.76Mb]]	SKBR3|MRPL13--SAMD12
SKBR3	TVP23C--CDRT4	4	1	4	0.8	ONLY_REF_SPLICE	TVP23C^ENSG00000175106.15	chr17:15540433:-	CDRT4^ENSG00000239704.9	chr17:15440285:-	YES_LDAS	0.1169	GT	1.8323	AG	1.9899	[INTRACHROMOSOMAL[chr17:0.03Mb],NEIGHBORS[26536]]	SKBR3|CDRT4--TVP23C
SKBR3	TMED3--KIAA1024	4	1	4	1	ONLY_REF_SPLICE	TMED3^ENSG00000166557.11	chr15:79314005:+	KIAA1024^ENSG00000169330.7	chr15:79456098:+	YES_LDAS	0.1218	GT	1.7968	AG	1.9656	[ChimerSeq,TCGA_StarF2019,CCLE_StarF2019,INTRACHROMOSOMAL[chr15:0.01Mb],NEIGHBORS[5084]]	SKBR3|KIAA1024--TMED3
SKBR3	PLCH1--RP11-639F1.1	4	1	4	1	INCL_NON_REF_SPLICE	PLCH1^ENSG00000114805.15	chr3:155485356:-	RP11-639F1.1^ENSG00000248772.1	chr3:155375789:-	YES_LDAS	0.1218	GT	1.8295	AG	1.8892	[INTRACHROMOSOMAL[chr3:0.10Mb]]	SKBR3|PLCH1--RP11-639F1.1
SKBR3	MECOM--LMCD1-AS1	4	1	4	1	ONLY_REF_SPLICE	MECOM^ENSG00000085276.16	chr3:169381187:-	LMCD1-AS1^ENSG00000227110.5	chr3:7992302:-	YES_LDAS	0.1218	GT	1.5301	AG	1.9899	[INTRACHROMOSOMAL[chr3:160.47Mb]]	SKBR3|LMCD1-AS1--MECOM
SKBR3	PSMD11--NF1	4	2	4	2	ONLY_REF_SPLICE	PSMD11^ENSG00000108671.8	chr17:32464578:+	NF1^ENSG00000196712.15	chr17:31325820:+	YES_LDAS	0.1461	GT	1.9329	AG	1.9656	[INTRACHROMOSOMAL[chr17:1.06Mb]]	SKBR3|NF1--PSMD11
SKBR3	RP11-123O10.4--GRIP1	4	3	4	2.4	ONLY_REF_SPLICE	RP11-123O10.4^ENSG00000256248.1	chr12:67069050:-	GRIP1^ENSG00000155974.10	chr12:66596927:-	YES_LDAS	0.1559	GT	1.2729	AG	1.9656	[INTRACHROMOSOMAL[chr12:0.09Mb],NEIGHBORS[87690]]	SKBR3|GRIP1--RP11-123O10.4
SKBR3	SAMD12-AS1--COLEC10	4	4	4	4	INCL_NON_REF_SPLICE	SAMD12-AS1^ENSG00000281641.1	chr8:118764384:+	COLEC10^ENSG00000184374.2	chr8:119089680:+	YES_LDAS	0.1948	GT	1.9656	AG	1.5219	[CCLE_StarF2019,INTRACHROMOSOMAL[chr8:0.14Mb]]	SKBR3|COLEC10--SAMD12-AS1
SKBR3	C15orf57--CBX3	4	7	4	4	INCL_NON_REF_SPLICE	C15orf57^ENSG00000128891.14	chr15:40562772:-	CBX3^ENSG00000122565.17	chr7:26201769:+	YES_LDAS	0.1948	GT	1.8892	AG	1.3383	[Babiceanu_Normal,INTERCHROMOSOMAL[chr15--chr7]]	SKBR3|C15orf57--CBX3
SKBR3	SNHG16--METTL23	3	2	3	2	INCL_NON_REF_SPLICE	SNHG16^ENSG00000163597.13	chr17:76614005:+	METTL23^ENSG00000181038.12	chr17:76732978:+	YES_LDAS	0.1218	GT	1.6402	AG	1.7465	[INTRACHROMOSOMAL[chr17:0.16Mb]]	SKBR3|METTL23--SNHG16
SKBR3	MMP24-AS1--EDEM2	3	3	3	3	ONLY_REF_SPLICE	MMP24-AS1^ENSG00000126005.14	chr20:35272005:-	EDEM2^ENSG00000088298.11	chr20:35142478:-	YES_LDAS	0.1462	GT	1.8892	AG	1.7819	[GTEx_recurrent_StarF2019,INTRACHROMOSOMAL[chr20:0.07Mb],NEIGHBORS[69098]]	SKBR3|EDEM2--MMP24-AS1
SKBR3	TRIO--FBXL7	3	4	3	4	ONLY_REF_SPLICE	TRIO^ENSG00000038382.16	chr5:14420021:+	FBXL7^ENSG00000183580.9	chr5:15615983:+	YES_LDAS	0.1705	GT	1.7819	AG	1.8256	[DEEPEST2019,TumorFusionsNAR2018,ChimerSeq,TCGA_StarF2019,CCLE_StarF2019,INTRACHROMOSOMAL[chr5:0.97Mb]]	SKBR3|FBXL7--TRIO
SKBR3	BLOC1S6--AKAP13	2	5	2	3.83	ONLY_REF_SPLICE	BLOC1S6^ENSG00000104164.9	chr15:45592276:+	AKAP13^ENSG00000170776.18	chr15:85639374:+	YES_LDAS	0.142	GT	1.7968	AG	1.5546	[INTRACHROMOSOMAL[chr15:39.76Mb]]	SKBR3|AKAP13--BLOC1S6
MJ	RP11-367G6.3--FAM65B	189	45	189	45	ONLY_REF_SPLICE	RP11-367G6.3^ENSG00000272053.1	chr6:25041851:-	FAM65B^ENSG00000111913.14	chr6:24875817:-	YES_LDAS	5.5615	GT	1.7465	AG	1.7819	[INTRACHROMOSOMAL[chr6:0.08Mb],NEIGHBORS[78900]]	MJ|FAM65B--RP11-367G6.3
MJ	LEPROT--LEPR	24	1	24	1	ONLY_REF_SPLICE	LEPROT^ENSG00000213625.7	chr1:65425378:+	LEPR^ENSG00000116678.17	chr1:65565546:+	YES_LDAS	0.5942	GT	1.8256	AG	1.9219	[GTEx_recurrent_StarF2019,ChimerSeq,INTRACHROMOSOMAL[chr1:0.09Mb],NEIGHBORS[89682]]	MJ|LEPR--LEPROT
MJ	RP11-444D3.1--SOX5	23	22	23	15.98	ONLY_REF_SPLICE	RP11-444D3.1^ENSG00000255864.4	chr12:24213343:-	SOX5^ENSG00000134532.14	chr12:23896024:-	YES_LDAS	0.9264	GT	1.8892	AG	1.9899	[INTRACHROMOSOMAL[chr12:0.26Mb]]	MJ|RP11-444D3.1--SOX5
MJ	AC024084.1--AC009784.3	16	10	16	4.85	ONLY_REF_SPLICE	AC024084.1^ENSG00000230649.2	chr7:136031033:+	AC009784.3^ENSG00000232053.5	chr7:136177252:+	YES_LDAS	0.4956	GT	1.8892	AG	1.5329	[INTRACHROMOSOMAL[chr7:0.01Mb],NEIGHBORS[8257]]	MJ|AC009784.3--AC024084.1
MJ	AC024084.1--AC009784.3	14	11	14	5.17	ONLY_REF_SPLICE	AC024084.1^ENSG00000230649.2	chr7:136058505:+	AC009784.3^ENSG00000232053.5	chr7:136177252:+	YES_LDAS	0.4556	GT	1.4566	AG	1.5329	[INTRACHROMOSOMAL[chr7:0.01Mb],NEIGHBORS[8257]]	MJ|AC009784.3--AC024084.1
MJ	POM121C--ZP3	13	4	12.2	4	ONLY_REF_SPLICE	POM121C^ENSG00000272391.4	chr7:75440954:-	ZP3^ENSG00000188372.13	chr7:76434038:+	YES_LDAS	0.3851	GT	1.1589	AG	1.8256	[GTEx_recurrent_StarF2019,INTRACHROMOSOMAL[chr7:0.91Mb]]	MJ|POM121C--ZP3
MJ	RP11-81H14.2--MDM1	12	2	12	1.29	ONLY_REF_SPLICE	RP11-81H14.2^ENSG00000251301.5	chr12:68442064:-	MDM1^ENSG00000111554.13	chr12:68331221:-	YES_LDAS	0.3159	GT	1.9329	AG	1.8892	[INTRACHROMOSOMAL[chr12:0.00Mb],NEIGHBORS[507]]	MJ|MDM1--RP11-81H14.2
MJ	TVP23C--CDRT4	9	5	9	4.64	ONLY_REF_SPLICE	TVP23C^ENSG00000175106.15	chr17:15540433:-	CDRT4^ENSG00000239704.9	chr17:15440285:-	YES_LDAS	0.3242	GT	1.8323	AG	1.9899	[INTRACHROMOSOMAL[chr17:0.03Mb],NEIGHBORS[26536]]	MJ|CDRT4--TVP23C
MJ	RP11-444D3.1--SOX5	9	13	9	2.54	ONLY_REF_SPLICE	RP11-444D3.1^ENSG00000255864.4	chr12:24277216:-	SOX5^ENSG00000134532.14	chr12:23896024:-	YES_LDAS	0.2743	GT	1.7056	AG	1.9899	[INTRACHROMOSOMAL[chr12:0.26Mb]]	MJ|RP11-444D3.1--SOX5
MJ	AC024084.1--AC009784.3	7	4	7	0.73	ONLY_REF_SPLICE	AC024084.1^ENSG00000230649.2	chr7:136058505:+	AC009784.3^ENSG00000232053.5	chr7:136242150:+	YES_LDAS	0.1838	GT	1.4566	AG	1.8892	[INTRACHROMOSOMAL[chr7:0.01Mb],NEIGHBORS[8257]]	MJ|AC009784.3--AC024084.1
MJ	HIATL1--RP11-307E17.8	5	1	5	1	ONLY_REF_SPLICE	HIATL1^ENSG00000148110.14	chr9:94438528:+	RP11-307E17.8^ENSG00000232063.1	chr9:94338836:+	YES_LDAS	0.1426	GT	1.9329	AG	1.8892	[INTRACHROMOSOMAL[chr9:0.01Mb],LOCAL_REARRANGEMENT:+:[13603]]	MJ|HIATL1--RP11-307E17.8
MJ	RP11-444D3.1--SOX5	5	22	5	3.48	ONLY_REF_SPLICE	RP11-444D3.1^ENSG00000255864.4	chr12:24213343:-	SOX5^ENSG00000134532.14	chr12:23920614:-	YES_LDAS	0.2015	GT	1.8892	AG	1.9656	[INTRACHROMOSOMAL[chr12:0.26Mb]]	MJ|RP11-444D3.1--SOX5
MJ	CTD-2215E18.1--LINC01340	4	2	4	2	ONLY_REF_SPLICE	CTD-2215E18.1^ENSG00000251513.2	chr5:97431900:+	LINC01340^ENSG00000250331.1	chr5:97668551:+	YES_LDAS	0.1426	GT	1.7232	AG	1.8323	[INTRACHROMOSOMAL[chr5:0.07Mb],NEIGHBORS[67479]]	MJ|CTD-2215E18.1--LINC01340
MJ	AC024084.1--AC009784.3	4	3	4	0.24	ONLY_REF_SPLICE	AC024084.1^ENSG00000230649.2	chr7:136031033:+	AC009784.3^ENSG00000232053.5	chr7:136242150:+	YES_LDAS	0.1008	GT	1.8892	AG	1.8892	[INTRACHROMOSOMAL[chr7:0.01Mb],NEIGHBORS[8257]]	MJ|AC009784.3--AC024084.1
MJ	RP11-81H14.2--MDM1	2	5	2	2.7	ONLY_REF_SPLICE	RP11-81H14.2^ENSG00000251301.5	chr12:68433284:-	MDM1^ENSG00000111554.13	chr12:68331221:-	YES_LDAS	0.1117	GT	1.7819	AG	1.8892	[INTRACHROMOSOMAL[chr12:0.00Mb],NEIGHBORS[507]]	MJ|MDM1--RP11-81H14.2
MJ	RPS10--NUDT3	1	4	1	4	ONLY_REF_SPLICE	RPS10^ENSG00000124614.12	chr6:34418369:-	NUDT3^ENSG00000272325.1	chr6:34295685:-	NO_LDAS	0.1189	GT	1.9329	AG	1.6895	[DGD_PARALOGS,ConjoinG,INTRACHROMOSOMAL[chr6:0.02Mb],NEIGHBORS[24780]]	MJ|NUDT3--RPS10
HCC1395	EIF3K--CYP39A1	147	74	147	70.02	ONLY_REF_SPLICE	EIF3K^ENSG00000178982.8	chr19:38632678:+	CYP39A1^ENSG00000146233.6	chr6:46639668:-	YES_LDAS	5.4736	GT	1.7465	AG	1.7465	[ChimerKB,Klijn_CellLines,Cosmic,CCLE_StarF2019,INTERCHROMOSOMAL[chr19--chr6]]	HCC1395|CYP39A1--EIF3K
HCC1395	PLA2R1--RBMS1	91	57	91	56.75	ONLY_REF_SPLICE	PLA2R1^ENSG00000153246.10	chr2:159976068:-	RBMS1^ENSG00000153250.16	chr2:160303487:-	YES_LDAS	3.7265	GT	1.5546	AG	1.6729	[ChimerKB,Klijn_CellLines,DEEPEST2019,Cosmic,CCLE_StarF2019,INTRACHROMOSOMAL[chr2:0.21Mb]]	HCC1395|PLA2R1--RBMS1
HCC1395	PDIA5--CH507-528H12.1	70	24	69.99	24	ONLY_REF_SPLICE	PDIA5^ENSG00000065485.16	chr3:123124343:+	CH507-528H12.1^ENSG00000280441.1	chr21:8405960:+	YES_LDAS	2.3706	GT	1.6895	AG	1.9329	[INTERCHROMOSOMAL[chr3--chr21]]	HCC1395|CH507-528H12.1--PDIA5
HCC1395	PALM2--AKAP2	35	33	35	33	INCL_NON_REF_SPLICE	PALM2^ENSG00000243444.6	chr9:110016039:+	AKAP2^ENSG00000241978.8	chr9:110136127:+	YES_LDAS	1.7151	GT	1.9219	AG	1.8295	[ChimerSeq,INTRACHROMOSOMAL[chr9:0.10Mb]]	HCC1395|AKAP2--PALM2
HCC1395	TMEM104--RAB37	25	18	25	18	ONLY_REF_SPLICE	TMEM104^ENSG00000109066.12	chr17:74795632:+	RAB37^ENSG00000172794.18	chr17:74729256:+	YES_LDAS	1.0845	GT	1.9086	AG	1.9329	[DEEPEST2019,TumorFusionsNAR2018,ChimerSeq,TCGA_StarF2019,CCLE_StarF2019,INTRACHROMOSOMAL[chr17:0.03Mb],LOCAL_REARRANGEMENT:+:[29148]]	HCC1395|RAB37--TMEM104
HCC1395	PCDHGB1--PCDHGC5	20	3	20	2.68	INCL_NON_REF_SPLICE	PCDHGB1^ENSG00000254221.2	chr5:141352669:+	PCDHGC5^ENSG00000240764.3	chr5:141494807:+	YES_LDAS	0.572	GT	1.6895	AG	1.3383	[DGD_PARALOGS,HGNC_GENEFAM,INTRACHROMOSOMAL[chr5:0.14Mb]]	HCC1395|PCDHGB1--PCDHGC5
HCC1395	EIF3K--CYP39A1	20	40	20	3.98	INCL_NON_REF_SPLICE	EIF3K^ENSG00000178982.8	chr19:38632678:+	CYP39A1^ENSG00000146233.6	chr6:46639608:-	YES_LDAS	0.6048	GT	1.7465	AG	1.6895	[ChimerKB,Klijn_CellLines,Cosmic,CCLE_StarF2019,INTERCHROMOSOMAL[chr19--chr6]]	HCC1395|CYP39A1--EIF3K
HCC1395	UNC5C--RP11-681L8.1	16	3	16	3	ONLY_REF_SPLICE	UNC5C^ENSG00000182168.13	chr4:95278259:-	RP11-681L8.1^ENSG00000254044.4	chr4:97392728:-	YES_LDAS	0.4792	GT	1.9656	AG	1.9086	[INTRACHROMOSOMAL[chr4:1.79Mb]]	HCC1395|RP11-681L8.1--UNC5C
HCC1395	HNRNPUL2--AHNAK	15	10	15	10	ONLY_REF_SPLICE	HNRNPUL2^ENSG00000214753.2	chr11:62716989:-	AHNAK^ENSG00000124942.12	chr11:62536567:-	YES_LDAS	0.6305	GT	1.8295	AG	1.9086	[CCLE_StarF2019,INTRACHROMOSOMAL[chr11:0.16Mb]]	HCC1395|AHNAK--HNRNPUL2
HCC1395	RP11-123O10.4--GRIP1	14	1	14	1	ONLY_REF_SPLICE	RP11-123O10.4^ENSG00000256248.1	chr12:67069050:-	GRIP1^ENSG00000155974.10	chr12:66596927:-	YES_LDAS	0.3783	GT	1.2729	AG	1.9656	[INTRACHROMOSOMAL[chr12:0.09Mb],NEIGHBORS[87690]]	HCC1395|GRIP1--RP11-123O10.4
HCC1395	ERO1L--FERMT2	12	5	12	5	ONLY_REF_SPLICE	ERO1L^ENSG00000197930.11	chr14:52671630:-	FERMT2^ENSG00000073712.12	chr14:52881469:-	YES_LDAS	0.4288	GT	1.9086	AG	1.6895	[ChimerKB,Klijn_CellLines,Cosmic,INTRACHROMOSOMAL[chr14:0.16Mb]]	HCC1395|ERO1L--FERMT2
HCC1395	RAB7A--LRCH3	12	13	12	12.18	ONLY_REF_SPLICE	RAB7A^ENSG00000075785.11	chr3:128726359:+	LRCH3^ENSG00000186001.11	chr3:197865423:+	YES_LDAS	0.6099	GT	1.4295	AG	1.9656	[CCLE_StarF2019,INTRACHROMOSOMAL[chr3:68.98Mb]]	HCC1395|LRCH3--RAB7A
HCC1395	E2F3--PKD2	11	0	11	0	ONLY_REF_SPLICE	E2F3^ENSG00000112242.13	chr6:20403832:+	PKD2^ENSG00000118762.6	chr4:88036220:+	YES_LDAS	0.2774	GT	1.8892	AG	1.9899	[CCLE_StarF2019,INTERCHROMOSOMAL[chr6--chr4]]	HCC1395|E2F3--PKD2
HCC1395	NAMPT--CTB-111H14.1	10	1	10	1	ONLY_REF_SPLICE	NAMPT^ENSG00000105835.10	chr7:106261588:-	CTB-111H14.1^ENSG00000243797.5	chr7:106491130:-	YES_LDAS	0.2774	GT	1.8295	AG	1.8323	[INTRACHROMOSOMAL[chr7:0.09Mb],LOCAL_REARRANGEMENT:-:[85925]]	HCC1395|CTB-111H14.1--NAMPT
HCC1395	RNGTT--RPF1	10	3	10	3	ONLY_REF_SPLICE	RNGTT^ENSG00000111880.14	chr6:88849755:-	RPF1^ENSG00000117133.9	chr1:84480956:+	YES_LDAS	0.3279	GT	1.2729	AG	1.9086	[INTERCHROMOSOMAL[chr6--chr1]]	HCC1395|RNGTT--RPF1
HCC1395	CALD1--AKR1B10	10	5	10	5	ONLY_REF_SPLICE	CALD1^ENSG00000122786.18	chr7:134960628:+	AKR1B10^ENSG00000198074.8	chr7:134533004:+	YES_LDAS	0.3783	GT	1.7465	AG	1.9086	[TumorFusionsNAR2018,INTRACHROMOSOMAL[chr7:0.20Mb]]	HCC1395|AKR1B10--CALD1
HCC1395	SLMAP--AC017104.4	10	6	10	6	INCL_NON_REF_SPLICE	SLMAP^ENSG00000163681.13	chr3:57757849:+	AC017104.4^ENSG00000230047.1	chr2:231437469:-	YES_LDAS	0.4035	GT	1.5656	AG	1.7465	[INTERCHROMOSOMAL[chr3--chr2]]	HCC1395|AC017104.4--SLMAP
HCC1395	TVP23C--CDRT4	10	9	10	8	ONLY_REF_SPLICE	TVP23C^ENSG00000175106.15	chr17:15540433:-	CDRT4^ENSG00000239704.9	chr17:15440285:-	YES_LDAS	0.454	GT	1.8323	AG	1.9899	[INTRACHROMOSOMAL[chr17:0.03Mb],NEIGHBORS[26536]]	HCC1395|CDRT4--TVP23C
HCC1395	PRRC2B--FUBP3	9	0	9	0	ONLY_REF_SPLICE	PRRC2B^ENSG00000130723.16	chr9:131394263:+	FUBP3^ENSG00000107164.15	chr9:130609954:+	YES_LDAS	0.227	GT	1.585	AG	1.9329	[CCLE_StarF2019,INTRACHROMOSOMAL[chr9:0.76Mb]]	HCC1395|FUBP3--PRRC2B
HCC1395	HELZ--HMGB1P7	9	2	6.87	2	INCL_NON_REF_SPLICE	HELZ^ENSG00000198265.10	chr17:67239433:-	HMGB1P7^ENSG00000231148.1	chr10:31908240:+	YES_LDAS	0.2237	GT	1.9656	AG	1.8062	[INTERCHROMOSOMAL[chr17--chr10]]	HCC1395|HELZ--HMGB1P7
HCC1395	CTC-786C10.1--RP11-680G10.1	9	2	9	2	ONLY_REF_SPLICE	CTC-786C10.1^ENSG00000262601.1	chr16:85171807:+	RP11-680G10.1^ENSG00000261567.1	chr16:85357463:+	YES_LDAS	0.2774	GT	1.5656	AG	1.7465	[INTRACHROMOSOMAL[chr16:0.17Mb]]	HCC1395|CTC-786C10.1--RP11-680G10.1
HCC1395	MANBA--UBE2D3	8	5	8	4.44	ONLY_REF_SPLICE	MANBA^ENSG00000109323.7	chr4:102760718:-	UBE2D3^ENSG00000109332.18	chr4:102809855:-	YES_LDAS	0.3138	GT	1.9086	AG	1.8062	[Klijn_CellLines,Babiceanu_Normal,INTRACHROMOSOMAL[chr4:0.03Mb],LOCAL_REARRANGEMENT:-:[33389]]	HCC1395|MANBA--UBE2D3
HCC1395	COL8A1--CMSS1	8	5	8	4.73	INCL_NON_REF_SPLICE	COL8A1^ENSG00000144810.14	chr3:99794382:+	CMSS1^ENSG00000184220.9	chr3:100146973:+	YES_LDAS	0.3211	GT	1.8323	AG	1.9086	[GTEx_recurrent_StarF2019,INTRACHROMOSOMAL[chr3:0.02Mb],NEIGHBORS[18608]]	HCC1395|CMSS1--COL8A1
HCC1395	MFSD3--MROH1	8	6	8	6	ONLY_REF_SPLICE	MFSD3^ENSG00000167700.7	chr8:144510903:+	MROH1^ENSG00000179832.16	chr8:144199122:+	YES_LDAS	0.3531	GT	1.6895	AG	1.7819	[CCLE_StarF2019,INTRACHROMOSOMAL[chr8:0.25Mb]]	HCC1395|MFSD3--MROH1
HCC1395	PCDHA11--PCDHAC1	7	0	7	0	INCL_NON_REF_SPLICE	PCDHA11^ENSG00000249158.5	chr5:140871494:+	PCDHAC1^ENSG00000248383.4	chr5:140978949:+	YES_LDAS	0.1766	GT	1.7819	AG	1.3996	[DGD_PARALOGS,HGNC_GENEFAM,INTRACHROMOSOMAL[chr5:0.05Mb],NEIGHBORS[54769]]	HCC1395|PCDHA11--PCDHAC1
HCC1395	TBC1D16--AC012354.6	7	1	7	0.54	INCL_NON_REF_SPLICE	TBC1D16^ENSG00000167291.14	chr17:80010160:-	AC012354.6^ENSG00000225156.2	chr2:44967696:+	YES_LDAS	0.1902	GT	1.7056	AG	1.5301	[INTERCHROMOSOMAL[chr17--chr2]]	HCC1395|AC012354.6--TBC1D16
HCC1395	BRCA1--TPM4	7	3	7	3	ONLY_REF_SPLICE	BRCA1^ENSG00000012048.18	chr17:43063333:-	TPM4^ENSG00000167460.13	chr19:16081913:+	YES_LDAS	0.2523	GT	1.7465	AG	1.7465	[INTERCHROMOSOMAL[chr17--chr19]]	HCC1395|BRCA1--TPM4
HCC1395	MDH1--LINC01278	7	4	7	4	ONLY_REF_SPLICE	MDH1^ENSG00000014641.16	chr2:63599292:+	LINC01278^ENSG00000235437.6	chrX:63399903:-	YES_LDAS	0.2775	GT	1.8892	AG	1.8256	[CCLE_StarF2019,INTERCHROMOSOMAL[chr2--chrX]]	HCC1395|LINC01278--MDH1
HCC1395	RP11-83A24.2--KCNQ5	6	0	6	0	ONLY_REF_SPLICE	RP11-83A24.2^ENSG00000273247.4	chr4:139453685:-	KCNQ5^ENSG00000185760.14	chr6:73190573:+	YES_LDAS	0.1513	GT	1.8256	AG	1.5628	[INTERCHROMOSOMAL[chr4--chr6]]	HCC1395|KCNQ5--RP11-83A24.2
HCC1395	GNA12--CARD11	6	0	6	0	ONLY_REF_SPLICE	GNA12^ENSG00000146535.12	chr7:2843853:-	CARD11^ENSG00000198286.8	chr7:2958631:-	YES_LDAS	0.1513	GT	1.8323	AG	1.8323	[TCGA_StarF2019,CCLE_StarF2019,INTRACHROMOSOMAL[chr7:0.06Mb],LOCAL_REARRANGEMENT:-:[61817]]	HCC1395|CARD11--GNA12
HCC1395	TBC1D16--AC012354.6	6	1	6	0.46	ONLY_REF_SPLICE	TBC1D16^ENSG00000167291.14	chr17:80010160:-	AC012354.6^ENSG00000225156.2	chr2:44966418:+	YES_LDAS	0.1629	GT	1.7056	AG	1.7056	[INTERCHROMOSOMAL[chr17--chr2]]	HCC1395|AC012354.6--TBC1D16
HCC1395	LDLRAD3--PRR5L	6	5	6	2.69	ONLY_REF_SPLICE	LDLRAD3^ENSG00000179241.11	chr11:36098461:+	PRR5L^ENSG00000135362.12	chr11:36400997:+	YES_LDAS	0.2191	GT	1.9329	AG	1.6895	[GTEx_recurrent_StarF2019,INTRACHROMOSOMAL[chr11:0.06Mb],NEIGHBORS[64152]]	HCC1395|LDLRAD3--PRR5L
HCC1395	ST3GAL4--RP11-115C10.1	6	9	6	7.57	INCL_NON_REF_SPLICE	ST3GAL4^ENSG00000110080.17	chr11:126440383:+	RP11-115C10.1^ENSG00000254607.2	chr11:126652781:+	YES_LDAS	0.3422	GT	1.8323	AG	1.9086	[INTRACHROMOSOMAL[chr11:0.21Mb]]	HCC1395|RP11-115C10.1--ST3GAL4
HCC1395	PEA15--CASQ1	5	0	5	0	ONLY_REF_SPLICE	PEA15^ENSG00000162734.11	chr1:160205522:+	CASQ1^ENSG00000143318.11	chr1:160201245:+	YES_LDAS	0.1261	GT	1.9086	AG	1.8295	[INTRACHROMOSOMAL[chr1:0.00Mb],LOCAL_REARRANGEMENT:+:[3451]]	HCC1395|CASQ1--PEA15
HCC1395	GSKIP--RP11-661P17.1	5	0	5	0	INCL_NON_REF_SPLICE	GSKIP^ENSG00000100744.13	chr14:96363568:+	RP11-661P17.1^ENSG00000258551.4	chr15:91385363:+	YES_LDAS	0.1261	GT	1.4295	AG	1.4295	[INTERCHROMOSOMAL[chr14--chr15]]	HCC1395|GSKIP--RP11-661P17.1
HCC1395	LEPROT--LEPR	5	1	5	1	ONLY_REF_SPLICE	LEPROT^ENSG00000213625.7	chr1:65425378:+	LEPR^ENSG00000116678.17	chr1:65565546:+	YES_LDAS	0.1513	GT	1.8256	AG	1.9219	[GTEx_recurrent_StarF2019,ChimerSeq,INTRACHROMOSOMAL[chr1:0.09Mb],NEIGHBORS[89682]]	HCC1395|LEPR--LEPROT
HCC1395	MIR4435-1HG--AC083899.3	5	2	5	1.86	INCL_NON_REF_SPLICE	MIR4435-1HG^ENSG00000172965.13	chr2:111344061:-	AC083899.3^ENSG00000204745.3	chr2:87125198:+	YES_LDAS	0.173	GT	1.8295	AG	1.8062	[INTRACHROMOSOMAL[chr2:24.00Mb]]	HCC1395|AC083899.3--MIR4435-1HG
HCC1395	RP11-380O24.1--SRGAP3	5	6	5	6	ONLY_REF_SPLICE	RP11-380O24.1^ENSG00000254485.4	chr3:9326010:-	SRGAP3^ENSG00000196220.14	chr3:9124917:-	YES_LDAS	0.2774	GT	1.9656	AG	1.8062	[INTRACHROMOSOMAL[chr3:0.04Mb],NEIGHBORS[42903]]	HCC1395|RP11-380O24.1--SRGAP3
HCC1395	E2F3--PKD2	4	0	4	0	ONLY_REF_SPLICE	E2F3^ENSG00000112242.13	chr6:20403832:+	PKD2^ENSG00000118762.6	chr4:88036136:+	YES_LDAS	0.1009	GT	1.8892	AG	1.9329	[CCLE_StarF2019,INTERCHROMOSOMAL[chr6--chr4]]	HCC1395|E2F3--PKD2
HCC1395	E2F3--PKD2	4	0	4	0	INCL_NON_REF_SPLICE	E2F3^ENSG00000112242.13	chr6:20403832:+	PKD2^ENSG00000118762.6	chr4:88031085:+	YES_LDAS	0.1009	GT	1.8892	AG	1.8256	[CCLE_StarF2019,INTERCHROMOSOMAL[chr6--chr4]]	HCC1395|E2F3--PKD2
HCC1395	CASD1--GNG11	4	0	4	0	ONLY_REF_SPLICE	CASD1^ENSG00000127995.15	chr7:94554575:+	GNG11^ENSG00000127920.5	chr7:93926091:+	YES_LDAS	0.1009	GT	1.6895	AG	1.8295	[INTRACHROMOSOMAL[chr7:0.58Mb]]	HCC1395|CASD1--GNG11
HCC1395	PRR16--CTD-2334D19.1	4	1	4	1	ONLY_REF_SPLICE	PRR16^ENSG00000184838.13	chr5:120464645:+	CTD-2334D19.1^ENSG00000248927.1	chr5:120789954:+	YES_LDAS	0.1261	GT	1.6895	AG	1.9329	[INTRACHROMOSOMAL[chr5:0.09Mb],NEIGHBORS[93886]]	HCC1395|CTD-2334D19.1--PRR16
HCC1395	KPNA1--EEFSEC	4	1	4	1	ONLY_REF_SPLICE	KPNA1^ENSG00000114030.11	chr3:122449574:-	EEFSEC^ENSG00000132394.9	chr3:128246836:+	YES_LDAS	0.1261	GT	1.9086	AG	1.9656	[CCLE_StarF2019,INTRACHROMOSOMAL[chr3:5.64Mb]]	HCC1395|EEFSEC--KPNA1
HCC1395	PCDHGB1--PCDHGC5	4	2	4	0.32	INCL_NON_REF_SPLICE	PCDHGB1^ENSG00000254221.2	chr5:141350299:+	PCDHGC5^ENSG00000240764.3	chr5:141494807:+	YES_LDAS	0.109	GT	1.7465	AG	1.3383	[DGD_PARALOGS,HGNC_GENEFAM,INTRACHROMOSOMAL[chr5:0.14Mb]]	HCC1395|PCDHGB1--PCDHGC5
HCC1395	ST3GAL4--RP11-115C10.1	4	5	4	1.43	INCL_NON_REF_SPLICE	ST3GAL4^ENSG00000110080.17	chr11:126409411:+	RP11-115C10.1^ENSG00000254607.2	chr11:126652781:+	YES_LDAS	0.137	GT	1.8323	AG	1.9086	[INTRACHROMOSOMAL[chr11:0.21Mb]]	HCC1395|RP11-115C10.1--ST3GAL4
HCC1395	MLLT10--AMD1P1	3	1	3	1	INCL_NON_REF_SPLICE	MLLT10^ENSG00000078403.15	chr10:21595440:+	AMD1P1^ENSG00000228339.1	chr10:20350074:+	YES_LDAS	0.1009	GT	1.7819	AG	1.7465	[INTRACHROMOSOMAL[chr10:1.18Mb]]	HCC1395|AMD1P1--MLLT10
HCC1395	EFTUD2--KIF18B	3	3	3	3	ONLY_REF_SPLICE	EFTUD2^ENSG00000108883.11	chr17:44864930:-	KIF18B^ENSG00000186185.12	chr17:44929024:-	YES_LDAS	0.1514	GT	1.9656	AG	1.9656	[CCLE_StarF2019,INTRACHROMOSOMAL[chr17:0.03Mb],LOCAL_REARRANGEMENT:-:[25047]]	HCC1395|EFTUD2--KIF18B
HCC1395	UNC5C--STPG2	3	4	3	3	ONLY_REF_SPLICE	UNC5C^ENSG00000182168.13	chr4:95278259:-	STPG2^ENSG00000163116.8	chr4:97241098:-	YES_LDAS	0.1514	GT	1.9656	AG	1.9086	[INTRACHROMOSOMAL[chr4:1.63Mb]]	HCC1395|STPG2--UNC5C
HCC1395	LDLRAD3--PRR5L	3	5	3	1.35	ONLY_REF_SPLICE	LDLRAD3^ENSG00000179241.11	chr11:36098461:+	PRR5L^ENSG00000135362.12	chr11:36393846:+	YES_LDAS	0.1097	GT	1.9329	AG	1.8323	[GTEx_recurrent_StarF2019,INTRACHROMOSOMAL[chr11:0.06Mb],NEIGHBORS[64152]]	HCC1395|LDLRAD3--PRR5L
HCC1395	OSBPL9--RP11-191G24.1	2	2	2	2	ONLY_REF_SPLICE	OSBPL9^ENSG00000117859.17	chr1:51714079:+	RP11-191G24.1^ENSG00000227070.1	chr1:51560882:+	YES_LDAS	0.1008	GT	1.8062	AG	1.7819	[INTRACHROMOSOMAL[chr1:0.02Mb],LOCAL_REARRANGEMENT:+:[15550]]	HCC1395|OSBPL9--RP11-191G24.1
K562	BCR--ABL1	254	107	254	107	ONLY_REF_SPLICE	BCR^ENSG00000186716.18	chr22:23290413:+	ABL1^ENSG00000097007.16	chr9:130854064:+	YES_LDAS	9.5308	GT	1.8892	AG	1.8892	[Mitelman,ChimerKB,ChimerSeq,TCGA_StarF2019,CCLE_StarF2019,Klijn_CellLines,chimerdb_pubmed,chimerdb_omim,DEEPEST2019,GUO2018CR_TCGA,ChimerPub,TumorFusionsNAR2018,Cosmic,INTERCHROMOSOMAL[chr22--chr9]]	K562|ABL1--BCR
K562	BAG6--SLC44A4	226	134	226	134	ONLY_REF_SPLICE	BAG6^ENSG00000204463.11	chr6:31651656:-	SLC44A4^ENSG00000204385.9	chr6:31865784:-	YES_LDAS	9.5045	GT	1.8295	AG	1.9656	[CCLE_StarF2019,INTRACHROMOSOMAL[chr6:0.21Mb]]	K562|BAG6--SLC44A4
K562	NUP214--XKR3	105	68	105	68	ONLY_REF_SPLICE	NUP214^ENSG00000126883.15	chr9:131199015:+	XKR3^ENSG00000172967.7	chr22:16808083:-	YES_LDAS	4.5674	GT	1.9656	AG	1.9329	[Mitelman,ChimerSeq,INTERCHROMOSOMAL[chr9--chr22]]	K562|NUP214--XKR3
K562	UPF3A--CDC16	30	26	30	19.86	INCL_NON_REF_SPLICE	UPF3A^ENSG00000169062.13	chr13:114304913:+	CDC16^ENSG00000130177.13	chr13:114272184:+	YES_LDAS	1.3163	GT	1.2729	AG	1.7968	[DEEPEST2019,TumorFusionsNAR2018,ChimerSeq,TCGA_StarF2019,CCLE_StarF2019,INTRACHROMOSOMAL[chr13:0.01Mb],LOCAL_REARRANGEMENT:+:[8861]]	K562|CDC16--UPF3A
K562	LINC01169--SMAD6	28	0	28	0	ONLY_REF_SPLICE	LINC01169^ENSG00000259471.1	chr15:66582248:+	SMAD6^ENSG00000137834.13	chr15:66711668:+	YES_LDAS	0.7392	GT	1.9899	AG	1.6729	[GTEx_recurrent_StarF2019,INTRACHROMOSOMAL[chr15:0.02Mb],NEIGHBORS[16434]]	K562|LINC01169--SMAD6
K562	KANSL1--ARL17A	23	8	22.94	7.98	ONLY_REF_SPLICE	KANSL1^ENSG00000120071.11	chr17:46094560:-	ARL17A^ENSG00000185829.14	chr17:46570869:-	YES_LDAS	0.8163	GT	1.8892	AG	1.7056	[GTEx_recurrent_StarF2019,Babiceanu_Normal,ChimerSeq,INTRACHROMOSOMAL[chr17:0.29Mb]]	K562|ARL17A--KANSL1
K562	RP5-906C1.1--PREX1	17	1	17	0.89	ONLY_REF_SPLICE	RP5-906C1.1^ENSG00000278231.1	chr20:48849435:-	PREX1^ENSG00000124126.12	chr20:48747880:-	YES_LDAS	0.4723	GT	1.9219	AG	1.8892	[INTRACHROMOSOMAL[chr20:0.01Mb],NEIGHBORS_OVERLAP:-:-:[6195]]	K562|PREX1--RP5-906C1.1
K562	TVP23C--CDRT4	15	8	15	7.29	ONLY_REF_SPLICE	TVP23C^ENSG00000175106.15	chr17:15540433:-	CDRT4^ENSG00000239704.9	chr17:15440285:-	YES_LDAS	0.5885	GT	1.8323	AG	1.9899	[INTRACHROMOSOMAL[chr17:0.03Mb],NEIGHBORS[26536]]	K562|CDRT4--TVP23C
K562	C10orf76--KCNIP2	14	6	14	6	ONLY_REF_SPLICE	C10orf76^ENSG00000120029.11	chr10:102040013:-	KCNIP2^ENSG00000120049.17	chr10:101829199:-	YES_LDAS	0.528	GT	1.9329	AG	1.8892	[CCLE_StarF2019,INTRACHROMOSOMAL[chr10:0.00Mb],NEIGHBORS[1679]]	K562|C10orf76--KCNIP2
K562	C16orf87--ORC6	13	16	13	12.79	ONLY_REF_SPLICE	C16orf87^ENSG00000155330.8	chr16:46824386:-	ORC6^ENSG00000091651.7	chr16:46693093:+	YES_LDAS	0.6809	GT	1.7465	AG	1.9656	[CCLE_StarF2019,INTRACHROMOSOMAL[chr16:0.10Mb],LOCAL_INVERSION:-:+:[98213]]	K562|C16orf87--ORC6
K562	RP11-307P5.1--SASH1	12	3	12	3	ONLY_REF_SPLICE	RP11-307P5.1^ENSG00000227681.4	chr6:147947519:+	SASH1^ENSG00000111961.15	chr6:148390134:+	YES_LDAS	0.396	GT	1.5329	AG	1.9219	[INTRACHROMOSOMAL[chr6:0.32Mb]]	K562|RP11-307P5.1--SASH1
K562	LEPROT--LEPR	11	1	11	1	ONLY_REF_SPLICE	LEPROT^ENSG00000213625.7	chr1:65425378:+	LEPR^ENSG00000116678.17	chr1:65565546:+	YES_LDAS	0.3168	GT	1.8256	AG	1.9219	[GTEx_recurrent_StarF2019,ChimerSeq,INTRACHROMOSOMAL[chr1:0.09Mb],NEIGHBORS[89682]]	K562|LEPR--LEPROT
K562	C16orf87--ORC6	9	10	9	3.21	ONLY_REF_SPLICE	C16orf87^ENSG00000155330.8	chr16:46824386:-	ORC6^ENSG00000091651.7	chr16:46695562:+	YES_LDAS	0.3223	GT	1.7465	AG	1.8892	[CCLE_StarF2019,INTRACHROMOSOMAL[chr16:0.10Mb],LOCAL_INVERSION:-:+:[98213]]	K562|C16orf87--ORC6
K562	GLG1--CLEC18B	8	0	8	0	INCL_NON_REF_SPLICE	GLG1^ENSG00000090863.10	chr16:74606657:-	CLEC18B^ENSG00000140839.10	chr16:74424249:-	YES_LDAS	0.2112	GT	1.6402	AG	1.7465	[TCGA_StarF2019,CCLE_StarF2019,INTRACHROMOSOMAL[chr16:0.03Mb],NEIGHBORS[25474]]	K562|CLEC18B--GLG1
K562	UMAD1--GLCCI1	7	2	7	2	ONLY_REF_SPLICE	UMAD1^ENSG00000219545.8	chr7:7801743:+	GLCCI1^ENSG00000106415.11	chr7:8003908:+	YES_LDAS	0.2376	GT	1.9656	AG	1.7465	[GTEx_recurrent_StarF2019,INTRACHROMOSOMAL[chr7:0.00Mb],NEIGHBORS[774]]	K562|GLCCI1--UMAD1
K562	IMMP2L--DOCK4	7	5	7	5	ONLY_REF_SPLICE	IMMP2L^ENSG00000184903.8	chr7:111487238:-	DOCK4^ENSG00000128512.18	chr7:111769677:-	YES_LDAS	0.3168	GT	1.8295	AG	1.9086	[DEEPEST2019,ChimerPub,TumorFusionsNAR2018,ChimerSeq,TCGA_StarF2019,CCLE_StarF2019,INTRACHROMOSOMAL[chr7:0.16Mb]]	K562|DOCK4--IMMP2L
K562	CTC-786C10.1--RP11-680G10.1	6	1	6	1	ONLY_REF_SPLICE	CTC-786C10.1^ENSG00000262601.1	chr16:85171807:+	RP11-680G10.1^ENSG00000261567.1	chr16:85357463:+	YES_LDAS	0.1848	GT	1.5656	AG	1.7465	[INTRACHROMOSOMAL[chr16:0.17Mb]]	K562|CTC-786C10.1--RP11-680G10.1
K562	CCDC26--LINC00977	6	16	6	14.7	INCL_NON_REF_SPLICE	CCDC26^ENSG00000229140.7	chr8:129352804:-	LINC00977^ENSG00000250400.3	chr8:129223369:-	YES_LDAS	0.5465	GT	1.5546	AG	1.6895	[TCGA_StarF2019,CCLE_StarF2019,INTRACHROMOSOMAL[chr8:0.11Mb]]	K562|CCDC26--LINC00977
K562	SNHG3--AC147651.4	5	0	5	0	ONLY_REF_SPLICE	SNHG3^ENSG00000242125.3	chr1:28508160:+	AC147651.4^ENSG00000237181.1	chr7:607865:+	YES_LDAS	0.132	GT	1.7968	AG	1.9656	[INTERCHROMOSOMAL[chr1--chr7]]	K562|AC147651.4--SNHG3
K562	SCHLAP1--UBE2E3	5	0	5	0	ONLY_REF_SPLICE	SCHLAP1^ENSG00000281131.1	chr2:180827507:+	UBE2E3^ENSG00000170035.14	chr2:180982018:+	YES_LDAS	0.132	GT	1.8295	AG	1.8323	[INTRACHROMOSOMAL[chr2:0.05Mb],NEIGHBORS[50309]]	K562|SCHLAP1--UBE2E3
K562	C20orf203--NOL4L	5	0	5	0	INCL_NON_REF_SPLICE	C20orf203^ENSG00000198547.7	chr20:32632893:-	NOL4L^ENSG00000197183.11	chr20:32527913:-	YES_LDAS	0.132	GT	1.7819	AG	1.7232	[CCLE_StarF2019,INTRACHROMOSOMAL[chr20:0.05Mb],NEIGHBORS[46578]]	K562|C20orf203--NOL4L
K562	RP5-964N17.1--LRCH2	5	3	5	2.5	ONLY_REF_SPLICE	RP5-964N17.1^ENSG00000241743.2	chrX:113938193:-	LRCH2^ENSG00000130224.13	chrX:115163783:-	YES_LDAS	0.198	GT	1.8295	AG	1.7232	[INTRACHROMOSOMAL[chrX:1.17Mb]]	K562|LRCH2--RP5-964N17.1
K562	RCC1--XPOT	4	0	4	0	ONLY_REF_SPLICE	RCC1^ENSG00000180198.14	chr1:28508160:+	XPOT^ENSG00000184575.10	chr12:64409962:+	YES_LDAS	0.1056	GT	1.7968	AG	1.5329	[INTERCHROMOSOMAL[chr1--chr12]]	K562|RCC1--XPOT
K562	RCC1--SRP9	4	0	4	0	ONLY_REF_SPLICE	RCC1^ENSG00000180198.14	chr1:28508160:+	SRP9^ENSG00000143742.11	chr1:225777935:+	YES_LDAS	0.1056	GT	1.7968	AG	1.7819	[INTRACHROMOSOMAL[chr1:197.24Mb]]	K562|RCC1--SRP9
K562	RPL23AP53--SEPT14	4	1	4	0.67	INCL_NON_REF_SPLICE	RPL23AP53^ENSG00000223508.5	chr8:213121:-	SEPT14^ENSG00000154997.8	chr7:55796092:-	YES_LDAS	0.1233	GT	1.6402	AG	1.9899	[INTERCHROMOSOMAL[chr8--chr7]]	K562|RPL23AP53--SEPT14
K562	RP11-408A13.2--NFIB	4	1	4	1	INCL_NON_REF_SPLICE	RP11-408A13.2^ENSG00000237137.1	chr9:14531947:-	NFIB^ENSG00000147862.13	chr9:14307520:-	YES_LDAS	0.132	GT	1.8295	AG	1.9329	[INTRACHROMOSOMAL[chr9:0.13Mb]]	K562|NFIB--RP11-408A13.2
K562	RP11-1041F24.1--RP11-587P21.2	4	3	4	3	INCL_NON_REF_SPLICE	RP11-1041F24.1^ENSG00000258125.1	chr12:91694185:+	RP11-587P21.2^ENSG00000257893.2	chr12:91877390:+	YES_LDAS	0.1848	GT	1.5546	AG	1.7056	[INTRACHROMOSOMAL[chr12:0.20Mb]]	K562|RP11-1041F24.1--RP11-587P21.2
K562	COMMD10--AP3S1	4	5	4	5	ONLY_REF_SPLICE	COMMD10^ENSG00000145781.7	chr5:116134178:+	AP3S1^ENSG00000177879.13	chr5:115866670:+	YES_LDAS	0.2376	GT	1.6729	AG	1.7232	[YOSHIHARA_TCGA,Klijn_CellLines,GTEx_recurrent_StarF2019,DEEPEST2019,ChimerPub,TumorFusionsNAR2018,ChimerSeq,INTRACHROMOSOMAL[chr5:0.17Mb]]	K562|AP3S1--COMMD10
K562	C15orf57--CBX3	4	6	4	6	INCL_NON_REF_SPLICE	C15orf57^ENSG00000128891.14	chr15:40562772:-	CBX3^ENSG00000122565.17	chr7:26201769:+	YES_LDAS	0.264	GT	1.8892	AG	1.3383	[Babiceanu_Normal,INTERCHROMOSOMAL[chr15--chr7]]	K562|C15orf57--CBX3
K562	CEP70--FAIM	3	1	3	1	ONLY_REF_SPLICE	CEP70^ENSG00000114107.7	chr3:138570318:-	FAIM^ENSG00000158234.11	chr3:138621407:+	YES_LDAS	0.1056	GT	1.8295	AG	1.6402	[INTRACHROMOSOMAL[chr3:0.01Mb],LOCAL_INVERSION:-:+:[14068]]	K562|CEP70--FAIM
K562	AC009784.3--AC009541.1	3	1	3	1	INCL_NON_REF_SPLICE	AC009784.3^ENSG00000232053.5	chr7:136329097:+	AC009541.1^ENSG00000226066.1	chr7:136485923:+	YES_LDAS	0.1056	GT	1.6895	AG	1.9656	[INTRACHROMOSOMAL[chr7:0.05Mb],NEIGHBORS[48230]]	K562|AC009541.1--AC009784.3
K562	STEAP1B--RAPGEF5	3	2	3	2	ONLY_REF_SPLICE	STEAP1B^ENSG00000105889.13	chr7:22492565:-	RAPGEF5^ENSG00000136237.17	chr7:22318037:-	YES_LDAS	0.132	GT	1.7465	AG	1.8295	[TCGA_StarF2019,CCLE_StarF2019,INTRACHROMOSOMAL[chr7:0.06Mb],NEIGHBORS[62300]]	K562|RAPGEF5--STEAP1B
K562	KIAA1958--HSDL2	3	2	3	2	ONLY_REF_SPLICE	KIAA1958^ENSG00000165185.13	chr9:112645822:+	HSDL2^ENSG00000119471.13	chr9:112403995:+	YES_LDAS	0.132	GT	1.6895	AG	1.7232	[Klijn_CellLines,DEEPEST2019,CCLE_StarF2019,INTRACHROMOSOMAL[chr9:0.01Mb],LOCAL_REARRANGEMENT:+:[14437]]	K562|HSDL2--KIAA1958
K562	CTD-2384A14.1--RP11-148E17.1	1	6	1	6	ONLY_REF_SPLICE	CTD-2384A14.1^ENSG00000258038.4	chr14:28837330:+	RP11-148E17.1^ENSG00000258028.1	chr14:28986400:+	NO_LDAS	0.1848	GT	1.9656	AG	1.6895	[INTRACHROMOSOMAL[chr14:0.03Mb],NEIGHBORS_OVERLAP:+:+:[31511]]	K562|CTD-2384A14.1--RP11-148E17.1
HCC1187	CTNND1--SMTNL1	206	91	206	91	ONLY_REF_SPLICE	CTNND1^ENSG00000198561.11	chr11:57762046:+	SMTNL1^ENSG00000214872.7	chr11:57549968:+	YES_LDAS	7.2201	GT	1.9329	AG	1.9656	[DEEPEST2019,CCLE_StarF2019,INTRACHROMOSOMAL[chr11:0.20Mb]]	HCC1187|CTNND1--SMTNL1
HCC1187	KMT2E--LHFPL3	178	108	178	108	ONLY_REF_SPLICE	KMT2E^ENSG00000005483.18	chr7:105081797:+	LHFPL3^ENSG00000187416.10	chr7:104906187:+	YES_LDAS	6.9527	GT	1.8256	AG	1.9329	[DEEPEST2019,TCGA_StarF2019,CCLE_StarF2019,INTRACHROMOSOMAL[chr7:0.11Mb]]	HCC1187|KMT2E--LHFPL3
HCC1187	PUM1--TRERF1	168	136	168	136	ONLY_REF_SPLICE	PUM1^ENSG00000134644.14	chr1:30941151:-	TRERF1^ENSG00000124496.11	chr6:42269848:-	YES_LDAS	7.3903	GT	1.9219	AG	1.8892	[CCLE_StarF2019,INTERCHROMOSOMAL[chr1--chr6]]	HCC1187|PUM1--TRERF1
HCC1187	CTAGE5--GEMIN2	126	56	126	56	ONLY_REF_SPLICE	CTAGE5^ENSG00000150527.15	chr14:39327022:+	GEMIN2^ENSG00000092208.15	chr14:39136440:+	YES_LDAS	4.4245	GT	1.7819	AG	1.9656	[ChimerKB,INTRACHROMOSOMAL[chr14:0.13Mb]]	HCC1187|CTAGE5--GEMIN2
HCC1187	SEC22B--NOTCH2	123	64	123	64	ONLY_REF_SPLICE	SEC22B^ENSG00000265808.3	chr1:120176307:-	NOTCH2^ENSG00000134250.16	chr1:119922778:-	YES_LDAS	4.5461	GT	1.5219	AG	1.7465	[CCLE_StarF2019,INTRACHROMOSOMAL[chr1:29.28Mb]]	HCC1187|NOTCH2--SEC22B
HCC1187	AGPAT5--MCPH1	112	64	112	64	ONLY_REF_SPLICE	AGPAT5^ENSG00000155189.10	chr8:6741751:+	MCPH1^ENSG00000147316.11	chr8:6642994:+	YES_LDAS	4.2786	GT	1.9329	AG	1.7465	[ChimerKB,Klijn_CellLines,DEEPEST2019,Cosmic,CCLE_StarF2019,INTRACHROMOSOMAL[chr8:0.06Mb],LOCAL_REARRANGEMENT:+:[59853]]	HCC1187|AGPAT5--MCPH1
HCC1187	PPFIBP1--SMCO2	73	34	73	25.33	ONLY_REF_SPLICE	PPFIBP1^ENSG00000110841.12	chr12:27524365:+	SMCO2^ENSG00000165935.8	chr12:27495680:+	YES_LDAS	2.3904	GT	1.4256	AG	1.9656	[DEEPEST2019,TCGA_StarF2019,CCLE_StarF2019,INTRACHROMOSOMAL[chr12:0.02Mb],LOCAL_REARRANGEMENT:+:[21246]]	HCC1187|PPFIBP1--SMCO2
HCC1187	POFUT1--TM9SF4	50	28	50	28	ONLY_REF_SPLICE	POFUT1^ENSG00000101346.10	chr20:32228455:+	TM9SF4^ENSG00000101337.14	chr20:32142982:+	YES_LDAS	1.8962	GT	1.9086	AG	1.7819	[Klijn_CellLines,CCLE_StarF2019,INTRACHROMOSOMAL[chr20:0.04Mb],LOCAL_REARRANGEMENT:+:[40622]]	HCC1187|POFUT1--TM9SF4
HCC1187	PTPLB--MYLK	43	16	43	16	ONLY_REF_SPLICE	PTPLB^ENSG00000206527.8	chr3:123567762:-	MYLK^ENSG00000065534.17	chr3:123726078:-	NO_LDAS	1.4343	GT	1.8892	AG	1.7465	[INTRACHROMOSOMAL[chr3:0.02Mb],LOCAL_REARRANGEMENT:-:[24864]]	HCC1187|MYLK--PTPLB
HCC1187	ANKRD40--LINC00483	25	4	25	4	ONLY_REF_SPLICE	ANKRD40^ENSG00000154945.6	chr17:50707521:-	LINC00483^ENSG00000167117.7	chr17:50761506:-	YES_LDAS	0.705	GT	1.9219	AG	1.8295	[CCLE_StarF2019,INTRACHROMOSOMAL[chr17:0.05Mb],LOCAL_REARRANGEMENT:-:[53105]]	HCC1187|ANKRD40--LINC00483
HCC1187	PPFIBP1--SMCO2	20	39	20	13.67	ONLY_REF_SPLICE	PPFIBP1^ENSG00000110841.12	chr12:27524365:+	SMCO2^ENSG00000165935.8	chr12:27494300:+	YES_LDAS	0.8185	GT	1.4256	AG	1.7819	[DEEPEST2019,TCGA_StarF2019,CCLE_StarF2019,INTRACHROMOSOMAL[chr12:0.02Mb],LOCAL_REARRANGEMENT:+:[21246]]	HCC1187|PPFIBP1--SMCO2
HCC1187	CTC-786C10.1--RP11-680G10.1	15	0	15	0	ONLY_REF_SPLICE	CTC-786C10.1^ENSG00000262601.1	chr16:85171807:+	RP11-680G10.1^ENSG00000261567.1	chr16:85357463:+	YES_LDAS	0.3647	GT	1.5656	AG	1.7465	[INTRACHROMOSOMAL[chr16:0.17Mb]]	HCC1187|CTC-786C10.1--RP11-680G10.1
HCC1187	PLXND1--TMCC1	15	9	15	3.62	ONLY_REF_SPLICE	PLXND1^ENSG00000004399.11	chr3:129573594:-	TMCC1^ENSG00000172765.15	chr3:129671264:-	YES_LDAS	0.4527	GT	1.8295	AG	1.9086	[ChimerKB,Klijn_CellLines,TumorFusionsNAR2018,Cosmic,TCGA_StarF2019,CCLE_StarF2019,INTRACHROMOSOMAL[chr3:0.04Mb],LOCAL_REARRANGEMENT:-:[40974]]	HCC1187|PLXND1--TMCC1
HCC1187	RP11-123O10.4--GRIP1	14	1	14	1	ONLY_REF_SPLICE	RP11-123O10.4^ENSG00000256248.1	chr12:67069050:-	GRIP1^ENSG00000155974.10	chr12:66596927:-	YES_LDAS	0.3646	GT	1.2729	AG	1.9656	[INTRACHROMOSOMAL[chr12:0.09Mb],NEIGHBORS[87690]]	HCC1187|GRIP1--RP11-123O10.4
HCC1187	RP4-769N13.6--GPRASP2	13	5	13	5	ONLY_REF_SPLICE	RP4-769N13.6^ENSG00000271147.6	chrX:102605653:+	GPRASP2^ENSG00000158301.17	chrX:102713782:+	YES_LDAS	0.4376	GT	1.6895	AG	1.9656	[INTRACHROMOSOMAL[chrX:0.06Mb],NEIGHBORS[62031]]	HCC1187|GPRASP2--RP4-769N13.6
HCC1187	ALDOA--SHISA9	11	3	11	2.05	ONLY_REF_SPLICE	ALDOA^ENSG00000149925.15	chr16:30065927:+	SHISA9^ENSG00000237515.7	chr16:12908479:+	YES_LDAS	0.3172	GT	1.7465	AG	1.9329	[CCLE_StarF2019,INTRACHROMOSOMAL[chr16:16.81Mb]]	HCC1187|ALDOA--SHISA9
HCC1187	PLXND1--TMCC1	11	5	11	1.1	ONLY_REF_SPLICE	PLXND1^ENSG00000004399.11	chr3:129578329:-	TMCC1^ENSG00000172765.15	chr3:129671264:-	YES_LDAS	0.2941	GT	1.8323	AG	1.9086	[ChimerKB,Klijn_CellLines,TumorFusionsNAR2018,Cosmic,TCGA_StarF2019,CCLE_StarF2019,INTRACHROMOSOMAL[chr3:0.04Mb],LOCAL_REARRANGEMENT:-:[40974]]	HCC1187|PLXND1--TMCC1
HCC1187	LINC01535--EXOSC10	9	5	9	3.54	ONLY_REF_SPLICE	LINC01535^ENSG00000226686.6	chr19:37255982:+	EXOSC10^ENSG00000171824.12	chr1:11070973:-	YES_LDAS	0.3049	GT	1.9329	AG	1.7819	[INTERCHROMOSOMAL[chr19--chr1]]	HCC1187|EXOSC10--LINC01535
HCC1187	PLXND1--TMCC1	9	9	9	2.17	ONLY_REF_SPLICE	PLXND1^ENSG00000004399.11	chr3:129574336:-	TMCC1^ENSG00000172765.15	chr3:129671264:-	YES_LDAS	0.2716	GT	1.7465	AG	1.9086	[ChimerKB,Klijn_CellLines,TumorFusionsNAR2018,Cosmic,TCGA_StarF2019,CCLE_StarF2019,INTRACHROMOSOMAL[chr3:0.04Mb],LOCAL_REARRANGEMENT:-:[40974]]	HCC1187|PLXND1--TMCC1
HCC1187	AKAP13--PDE8A	8	0	8	0	ONLY_REF_SPLICE	AKAP13^ENSG00000170776.18	chr15:85485753:+	PDE8A^ENSG00000073417.13	chr15:85064370:+	YES_LDAS	0.1945	GT	1.8256	AG	1.9329	[Klijn_CellLines,DEEPEST2019,TCGA_StarF2019,CCLE_StarF2019,INTRACHROMOSOMAL[chr15:0.24Mb]]	HCC1187|AKAP13--PDE8A
HCC1187	CTCF--SCUBE2	8	1	8	1	ONLY_REF_SPLICE	CTCF^ENSG00000102974.13	chr16:67571264:+	SCUBE2^ENSG00000175356.11	chr11:9122894:-	YES_LDAS	0.2188	GT	1.8062	AG	1.7819	[CCLE_StarF2019,INTERCHROMOSOMAL[chr16--chr11]]	HCC1187|CTCF--SCUBE2
HCC1187	ALDOA--SHISA9	8	2	8	0.81	ONLY_REF_SPLICE	ALDOA^ENSG00000149925.15	chr16:30065927:+	SHISA9^ENSG00000237515.7	chr16:12916688:+	YES_LDAS	0.2142	GT	1.7465	AG	1.8062	[CCLE_StarF2019,INTRACHROMOSOMAL[chr16:16.81Mb]]	HCC1187|ALDOA--SHISA9
HCC1187	USP49--HLA-DQB1	7	0	7	0	ONLY_REF_SPLICE	USP49^ENSG00000164663.12	chr6:41871564:-	HLA-DQB1^ENSG00000179344.15	chr6:32666670:-	YES_LDAS	0.1702	GT	1.7819	AG	1.9329	[INTRACHROMOSOMAL[chr6:9.12Mb]]	HCC1187|HLA-DQB1--USP49
HCC1187	PCDHA4--PCDHAC1	7	0	7	0	INCL_NON_REF_SPLICE	PCDHA4^ENSG00000204967.9	chr5:140809572:+	PCDHAC1^ENSG00000248383.4	chr5:140978949:+	YES_LDAS	0.1702	GT	1.9656	AG	1.3996	[DGD_PARALOGS,HGNC_GENEFAM,INTRACHROMOSOMAL[chr5:0.11Mb]]	HCC1187|PCDHA4--PCDHAC1
HCC1187	TET1--HNRNPH3	7	1	7	1	ONLY_REF_SPLICE	TET1^ENSG00000138336.8	chr10:68667256:+	HNRNPH3^ENSG00000096746.16	chr10:68337199:+	YES_LDAS	0.1945	GT	1.6895	AG	1.7465	[DEEPEST2019,INTRACHROMOSOMAL[chr10:0.22Mb]]	HCC1187|HNRNPH3--TET1
HCC1187	KANSL1--ARL17A	7	7	3.5	3.46	ONLY_REF_SPLICE	KANSL1^ENSG00000120071.11	chr17:46094560:-	ARL17A^ENSG00000185829.14	chr17:46570869:-	YES_LDAS	0.1692	GT	1.8892	AG	1.7056	[GTEx_recurrent_StarF2019,Babiceanu_Normal,ChimerSeq,INTRACHROMOSOMAL[chr17:0.29Mb]]	HCC1187|ARL17A--KANSL1
HCC1187	PLXND1--TMCC1	6	8	6	1.15	ONLY_REF_SPLICE	PLXND1^ENSG00000004399.11	chr3:129575469:-	TMCC1^ENSG00000172765.15	chr3:129671264:-	YES_LDAS	0.1739	GT	1.9329	AG	1.9086	[ChimerKB,Klijn_CellLines,TumorFusionsNAR2018,Cosmic,TCGA_StarF2019,CCLE_StarF2019,INTRACHROMOSOMAL[chr3:0.04Mb],LOCAL_REARRANGEMENT:-:[40974]]	HCC1187|PLXND1--TMCC1
HCC1187	YAF2--RYBP	5	0	5	0	INCL_NON_REF_SPLICE	YAF2^ENSG00000015153.13	chr12:42238155:-	RYBP^ENSG00000163602.9	chr3:72446621:-	YES_LDAS	0.1216	GT	1.5656	AG	1.4566	[INTERCHROMOSOMAL[chr12--chr3]]	HCC1187|RYBP--YAF2
HCC1187	ENAH--PIK3C2B	5	0	5	0	ONLY_REF_SPLICE	ENAH^ENSG00000154380.15	chr1:225530554:-	PIK3C2B^ENSG00000133056.12	chr1:204469886:-	YES_LDAS	0.1216	GT	1.6402	AG	1.7465	[INTRACHROMOSOMAL[chr1:20.99Mb]]	HCC1187|ENAH--PIK3C2B
HCC1187	ASCC3--SIM1	5	0	5	0	ONLY_REF_SPLICE	ASCC3^ENSG00000112249.12	chr6:100715462:-	SIM1^ENSG00000112246.8	chr6:100463935:-	YES_LDAS	0.1216	GT	1.8256	AG	1.9329	[INTRACHROMOSOMAL[chr6:0.04Mb],NEIGHBORS[43265]]	HCC1187|ASCC3--SIM1
HCC1187	LEPROT--LEPR	5	1	5	1	ONLY_REF_SPLICE	LEPROT^ENSG00000213625.7	chr1:65425378:+	LEPR^ENSG00000116678.17	chr1:65565546:+	YES_LDAS	0.1459	GT	1.8256	AG	1.9219	[GTEx_recurrent_StarF2019,ChimerSeq,INTRACHROMOSOMAL[chr1:0.09Mb],NEIGHBORS[89682]]	HCC1187|LEPR--LEPROT
HCC1187	PLXND1--TMCC1	5	8	5	0.96	ONLY_REF_SPLICE	PLXND1^ENSG00000004399.11	chr3:129575766:-	TMCC1^ENSG00000172765.15	chr3:129671264:-	YES_LDAS	0.1449	GT	1.7968	AG	1.9086	[ChimerKB,Klijn_CellLines,TumorFusionsNAR2018,Cosmic,TCGA_StarF2019,CCLE_StarF2019,INTRACHROMOSOMAL[chr3:0.04Mb],LOCAL_REARRANGEMENT:-:[40974]]	HCC1187|PLXND1--TMCC1
HCC1187	CD2AP--B3GNTL1P2	4	1	4	1	INCL_NON_REF_SPLICE	CD2AP^ENSG00000198087.7	chr6:47544706:+	B3GNTL1P2^ENSG00000271328.1	chr6:47369024:+	YES_LDAS	0.1215	GT	1.5301	AG	1.9899	[INTRACHROMOSOMAL[chr6:0.11Mb]]	HCC1187|B3GNTL1P2--CD2AP
HCC1187	TMX2--SMTNL1	4	2	4	2	ONLY_REF_SPLICE	TMX2^ENSG00000213593.8	chr11:57737668:+	SMTNL1^ENSG00000214872.7	chr11:57549968:+	YES_LDAS	0.1458	GT	1.7819	AG	1.9656	[Klijn_CellLines,CCLE_StarF2019,INTRACHROMOSOMAL[chr11:0.16Mb]]	HCC1187|SMTNL1--TMX2
HCC1187	TVP23C--CDRT4	4	3	4	3	ONLY_REF_SPLICE	TVP23C^ENSG00000175106.15	chr17:15540433:-	CDRT4^ENSG00000239704.9	chr17:15440285:-	YES_LDAS	0.1701	GT	1.8323	AG	1.9899	[INTRACHROMOSOMAL[chr17:0.03Mb],NEIGHBORS[26536]]	HCC1187|CDRT4--TVP23C
HCC1187	C15orf57--CBX3	4	3	4	3	INCL_NON_REF_SPLICE	C15orf57^ENSG00000128891.14	chr15:40562772:-	CBX3^ENSG00000122565.17	chr7:26201769:+	YES_LDAS	0.1701	GT	1.8892	AG	1.3383	[Babiceanu_Normal,INTERCHROMOSOMAL[chr15--chr7]]	HCC1187|C15orf57--CBX3
HCC1187	KLK5--CDH23	4	4	4	4	ONLY_REF_SPLICE	KLK5^ENSG00000167754.11	chr19:50948640:-	CDH23^ENSG00000107736.18	chr10:71741694:+	YES_LDAS	0.1944	GT	1.9329	AG	1.6729	[Klijn_CellLines,CCLE_StarF2019,INTERCHROMOSOMAL[chr19--chr10]]	HCC1187|CDH23--KLK5
HCC1187	LINC01036--LINC01037	3	2	3	1.5	ONLY_REF_SPLICE	LINC01036^ENSG00000236030.1	chr1:187329060:+	LINC01037^ENSG00000231599.1	chr1:187443628:+	YES_LDAS	0.1094	GT	1.9656	AG	1.5058	[GTEx_recurrent_StarF2019,HGNC_GENEFAM,INTRACHROMOSOMAL[chr1:0.08Mb],NEIGHBORS[83283]]	HCC1187|LINC01036--LINC01037
HCC1187	PMS2P9--CCDC146	3	4	3	4	INCL_NON_REF_SPLICE	PMS2P9^ENSG00000233448.2	chr7:77043778:+	CCDC146^ENSG00000135205.13	chr7:77167658:+	YES_LDAS	0.1701	GT	1.4566	AG	1.7465	[CCLE_StarF2019,INTRACHROMOSOMAL[chr7:0.08Mb],NEIGHBORS[78658]]	HCC1187|CCDC146--PMS2P9
HCC1187	LINC01535--EXOSC10	1	7	1	3.18	ONLY_REF_SPLICE	LINC01535^ENSG00000226686.6	chr19:37264755:+	EXOSC10^ENSG00000171824.12	chr1:11070973:-	YES_LDAS	0.1016	GT	1.9656	AG	1.7819	[INTERCHROMOSOMAL[chr19--chr1]]	HCC1187|EXOSC10--LINC01535
VCAP	TMPRSS2--ERG	81	0	81	0	ONLY_REF_SPLICE	TMPRSS2^ENSG00000184012.10	chr21:41508081:-	ERG^ENSG00000157554.17	chr21:38445621:-	YES_LDAS	2.5043	GT	1.6895	AG	1.9656	[ChimerKB,Larsson_TCGA,ChimerSeq,TCGA_StarF2019,CCLE_StarF2019,YOSHIHARA_TCGA,chimerdb_pubmed,DEEPEST2019,GUO2018CR_TCGA,ChimerPub,TumorFusionsNAR2018,Cosmic,INTRACHROMOSOMAL[chr21:2.80Mb]]	VCAP|ERG--TMPRSS2
VCAP	PIK3C2A--TEAD1	79	0	79	0	ONLY_REF_SPLICE	PIK3C2A^ENSG00000011405.12	chr11:17207848:-	TEAD1^ENSG00000187079.13	chr11:12862250:+	YES_LDAS	2.4424	GT	1.9656	AG	1.5656	[CCLE_StarF2019,INTRACHROMOSOMAL[chr11:4.13Mb]]	VCAP|PIK3C2A--TEAD1
VCAP	HJURP--EIF4E2	57	21	57	21	ONLY_REF_SPLICE	HJURP^ENSG00000123485.10	chr2:233840609:-	EIF4E2^ENSG00000135930.12	chr2:232556416:+	YES_LDAS	2.4116	GT	1.7465	AG	1.5656	[chimerdb_pubmed,CCLE_StarF2019,INTRACHROMOSOMAL[chr2:1.25Mb]]	VCAP|EIF4E2--HJURP
VCAP	EZH1--ABCC4	49	0	49	0	ONLY_REF_SPLICE	EZH1^ENSG00000108799.11	chr17:42745011:-	ABCC4^ENSG00000125257.12	chr13:95164518:-	YES_LDAS	1.5149	GT	1.6049	AG	1.8892	[INTERCHROMOSOMAL[chr17--chr13]]	VCAP|ABCC4--EZH1
VCAP	VWA2--PRKCH	39	3	39	3	ONLY_REF_SPLICE	VWA2^ENSG00000165816.11	chr10:114248765:+	PRKCH^ENSG00000027075.12	chr14:61443111:+	YES_LDAS	1.2986	GT	1.8892	AG	1.9656	[CCLE_StarF2019,INTERCHROMOSOMAL[chr10--chr14]]	VCAP|PRKCH--VWA2
VCAP	PDE4D--C5orf47	39	18	39	18	ONLY_REF_SPLICE	PDE4D^ENSG00000113448.15	chr5:59180595:-	C5orf47^ENSG00000185056.9	chr5:173985727:+	YES_LDAS	1.7623	GT	1.6895	AG	1.7819	[CCLE_StarF2019,INTRACHROMOSOMAL[chr5:113.45Mb]]	VCAP|C5orf47--PDE4D
VCAP	RC3H2--RGS3	32	16	32	16	ONLY_REF_SPLICE	RC3H2^ENSG00000056586.14	chr9:122859917:-	RGS3^ENSG00000138835.21	chr9:113536796:+	YES_LDAS	1.484	GT	1.7819	AG	1.9086	[chimerdb_pubmed,ChimerSeq,CCLE_StarF2019,INTRACHROMOSOMAL[chr9:9.25Mb]]	VCAP|RC3H2--RGS3
VCAP	TIA1--DIRC2	30	17	30	17	ONLY_REF_SPLICE	TIA1^ENSG00000116001.14	chr2:70248405:-	DIRC2^ENSG00000138463.8	chr3:122833317:+	YES_LDAS	1.4531	GT	1.9656	AG	1.7465	[CCLE_StarF2019,INTERCHROMOSOMAL[chr2--chr3]]	VCAP|DIRC2--TIA1
VCAP	USP10--ZDHHC7	29	0	29	0	ONLY_REF_SPLICE	USP10^ENSG00000103194.14	chr16:84700111:+	ZDHHC7^ENSG00000153786.11	chr16:84990635:-	YES_LDAS	0.8966	GT	1.6729	AG	1.7968	[ChimerSeq,CCLE_StarF2019,INTRACHROMOSOMAL[chr16:0.19Mb]]	VCAP|USP10--ZDHHC7
VCAP	ZDHHC7--ABCB9	25	8	25	7.14	ONLY_REF_SPLICE	ZDHHC7^ENSG00000153786.11	chr16:84990304:-	ABCB9^ENSG00000150967.16	chr12:122960322:-	YES_LDAS	0.9936	GT	1.8295	AG	1.4566	[CCLE_StarF2019,INTERCHROMOSOMAL[chr16--chr12]]	VCAP|ABCB9--ZDHHC7
VCAP	INPP4A--HJURP	21	4	21	4	ONLY_REF_SPLICE	INPP4A^ENSG00000040933.14	chr2:98577143:+	HJURP^ENSG00000123485.10	chr2:233837652:-	YES_LDAS	0.773	GT	1.8295	AG	1.7819	[chimerdb_pubmed,CCLE_StarF2019,INTRACHROMOSOMAL[chr2:135.24Mb]]	VCAP|HJURP--INPP4A
VCAP	ZNF577--ZNF841	18	6	18	4.15	ONLY_REF_SPLICE	ZNF577^ENSG00000161551.11	chr19:51877282:-	ZNF841^ENSG00000197608.10	chr19:52067610:-	YES_LDAS	0.6848	GT	1.9899	AG	1.8062	[DGD_PARALOGS,HGNC_GENEFAM,INTRACHROMOSOMAL[chr19:0.17Mb]]	VCAP|ZNF577--ZNF841
VCAP	TMPRSS2--ERG	17	0	17	0	ONLY_REF_SPLICE	TMPRSS2^ENSG00000184012.10	chr21:41507950:-	ERG^ENSG00000157554.17	chr21:38445621:-	YES_LDAS	0.5256	GT	1.3996	AG	1.9656	[ChimerKB,Larsson_TCGA,ChimerSeq,TCGA_StarF2019,CCLE_StarF2019,YOSHIHARA_TCGA,chimerdb_pubmed,DEEPEST2019,GUO2018CR_TCGA,ChimerPub,TumorFusionsNAR2018,Cosmic,INTRACHROMOSOMAL[chr21:2.80Mb]]	VCAP|ERG--TMPRSS2
VCAP	LMAN2--AP3S1	17	5	17	5	ONLY_REF_SPLICE	LMAN2^ENSG00000169223.13	chr5:177351452:-	AP3S1^ENSG00000177879.13	chr5:115866670:+	YES_LDAS	0.6802	GT	1.9086	AG	1.7232	[chimerdb_pubmed,ChimerSeq,CCLE_StarF2019,INTRACHROMOSOMAL[chr5:61.42Mb]]	VCAP|AP3S1--LMAN2
VCAP	KANSL1--ARL17A	17	5	16.97	4.99	ONLY_REF_SPLICE	KANSL1^ENSG00000120071.11	chr17:46094560:-	ARL17A^ENSG00000185829.14	chr17:46570869:-	YES_LDAS	0.679	GT	1.8892	AG	1.7056	[GTEx_recurrent_StarF2019,Babiceanu_Normal,ChimerSeq,INTRACHROMOSOMAL[chr17:0.29Mb]]	VCAP|ARL17A--KANSL1
VCAP	RP11-662M24.2--RIMBP2	13	10	13	8.43	INCL_NON_REF_SPLICE	RP11-662M24.2^ENSG00000256725.1	chr12:130628322:-	RIMBP2^ENSG00000060709.12	chr12:130517917:-	YES_LDAS	0.6625	GT	1.9329	AG	1.6402	[INTRACHROMOSOMAL[chr12:0.11Mb]]	VCAP|RIMBP2--RP11-662M24.2
VCAP	ZNF57--LPPR2	11	0	11	0	ONLY_REF_SPLICE	ZNF57^ENSG00000171970.11	chr19:2901048:+	LPPR2^ENSG00000105520.9	chr19:11359532:+	YES_LDAS	0.3401	GT	1.6895	AG	1.5301	[INTRACHROMOSOMAL[chr19:8.44Mb]]	VCAP|LPPR2--ZNF57
VCAP	HSF1--RERE	11	1	11	1	ONLY_REF_SPLICE	HSF1^ENSG00000185122.9	chr8:144291874:+	RERE^ENSG00000142599.16	chr1:8656441:-	YES_LDAS	0.371	GT	1.9086	AG	1.7968	[CCLE_StarF2019,INTERCHROMOSOMAL[chr8--chr1]]	VCAP|HSF1--RERE
VCAP	CSNK1G3--CTC-338M12.6	11	4	11	2.44	ONLY_REF_SPLICE	CSNK1G3^ENSG00000151292.16	chr5:123588511:+	CTC-338M12.6^ENSG00000250900.5	chr5:181200913:+	YES_LDAS	0.4155	GT	1.9086	AG	1.9086	[INTRACHROMOSOMAL[chr5:57.58Mb]]	VCAP|CSNK1G3--CTC-338M12.6
VCAP	PDE4D--FAM172A	10	1	10	0.91	ONLY_REF_SPLICE	PDE4D^ENSG00000113448.15	chr5:59768247:-	FAM172A^ENSG00000113391.15	chr5:93621129:-	YES_LDAS	0.3373	GT	1.9656	AG	1.7465	[CCLE_StarF2019,INTRACHROMOSOMAL[chr5:33.10Mb]]	VCAP|FAM172A--PDE4D
VCAP	ZNF57--LPPR2	9	0	9	0	ONLY_REF_SPLICE	ZNF57^ENSG00000171970.11	chr19:2901048:+	LPPR2^ENSG00000105520.9	chr19:11359607:+	YES_LDAS	0.2783	GT	1.6895	AG	1.8295	[INTRACHROMOSOMAL[chr19:8.44Mb]]	VCAP|LPPR2--ZNF57
VCAP	EEF1DP3--FRY	8	2	8	2	ONLY_REF_SPLICE	EEF1DP3^ENSG00000229715.4	chr13:31946181:+	FRY^ENSG00000073910.18	chr13:32078834:+	YES_LDAS	0.3091	GT	1.8256	AG	1.7819	[GTEx_recurrent_StarF2019,Babiceanu_Normal,INTRACHROMOSOMAL[chr13:0.08Mb],NEIGHBORS[77828]]	VCAP|EEF1DP3--FRY
VCAP	RANBP17--DOCK2	8	7	8	7	ONLY_REF_SPLICE	RANBP17^ENSG00000204764.11	chr5:171293981:+	DOCK2^ENSG00000134516.14	chr5:169840757:+	YES_LDAS	0.4637	GT	1.9656	AG	1.6729	[CCLE_StarF2019,INTRACHROMOSOMAL[chr5:0.78Mb]]	VCAP|DOCK2--RANBP17
VCAP	SLMAP--ANO10	7	2	7	2	ONLY_REF_SPLICE	SLMAP^ENSG00000163681.13	chr3:57849816:+	ANO10^ENSG00000160746.11	chr3:43637783:-	YES_LDAS	0.2782	GT	1.9329	AG	1.2366	[CCLE_StarF2019,INTRACHROMOSOMAL[chr3:14.06Mb]]	VCAP|ANO10--SLMAP
VCAP	CSNK1G3--CTC-338M12.6	7	4	7	1.56	ONLY_REF_SPLICE	CSNK1G3^ENSG00000151292.16	chr5:123588511:+	CTC-338M12.6^ENSG00000250900.5	chr5:181202588:+	YES_LDAS	0.2646	GT	1.9086	AG	1.8256	[INTRACHROMOSOMAL[chr5:57.58Mb]]	VCAP|CSNK1G3--CTC-338M12.6
VCAP	CNOT6--S100Z	7	4	7	4	INCL_NON_REF_SPLICE	CNOT6^ENSG00000113300.10	chr5:180553471:+	S100Z^ENSG00000171643.12	chr5:76849981:+	YES_LDAS	0.3401	GT	1.9899	AG	1.9899	[CCLE_StarF2019,INTRACHROMOSOMAL[chr5:103.57Mb]]	VCAP|CNOT6--S100Z
VCAP	RP11-299J3.8--CNNM4	6	0	6	0	ONLY_REF_SPLICE	RP11-299J3.8^ENSG00000272758.4	chr3:122416250:+	CNNM4^ENSG00000158158.10	chr2:96808561:+	YES_LDAS	0.1855	GT	1.8256	AG	1.7232	[INTERCHROMOSOMAL[chr3--chr2]]	VCAP|CNNM4--RP11-299J3.8
VCAP	CNOT6--S100Z	6	0	6	0	ONLY_REF_SPLICE	CNOT6^ENSG00000113300.10	chr5:180553471:+	S100Z^ENSG00000171643.12	chr5:76875304:+	YES_LDAS	0.1855	GT	1.9899	AG	1.5656	[CCLE_StarF2019,INTRACHROMOSOMAL[chr5:103.57Mb]]	VCAP|CNOT6--S100Z
VCAP	ADCK3--RNF187	6	0	6	0	ONLY_REF_SPLICE	ADCK3^ENSG00000163050.15	chr1:226940399:+	RNF187^ENSG00000168159.10	chr1:228488960:+	YES_LDAS	0.1855	GT	1.8892	AG	1.8323	[INTRACHROMOSOMAL[chr1:1.50Mb]]	VCAP|ADCK3--RNF187
VCAP	NDUFAF2--MAST4	6	2	6	2	ONLY_REF_SPLICE	NDUFAF2^ENSG00000164182.9	chr5:60945382:+	MAST4^ENSG00000069020.17	chr5:66788670:+	YES_LDAS	0.2473	GT	1.6895	AG	1.9329	[ChimerPub,CCLE_StarF2019,INTRACHROMOSOMAL[chr5:5.44Mb]]	VCAP|MAST4--NDUFAF2
VCAP	PSMG1--UNK	6	4	6	2.4	ONLY_REF_SPLICE	PSMG1^ENSG00000183527.10	chr21:39177435:-	UNK^ENSG00000132478.8	chr17:75793443:+	YES_LDAS	0.2597	GT	1.5656	AG	1.8062	[CCLE_StarF2019,INTERCHROMOSOMAL[chr21--chr17]]	VCAP|PSMG1--UNK
VCAP	RP11-662M24.2--RIMBP2	6	6	6	1.57	INCL_NON_REF_SPLICE	RP11-662M24.2^ENSG00000256725.1	chr12:130628322:-	RIMBP2^ENSG00000060709.12	chr12:130506770:-	YES_LDAS	0.234	GT	1.9329	AG	1.7819	[INTRACHROMOSOMAL[chr12:0.11Mb]]	VCAP|RIMBP2--RP11-662M24.2
VCAP	ZNF410--AC025918.2	5	0	5	0	ONLY_REF_SPLICE	ZNF410^ENSG00000119725.16	chr14:73923522:+	AC025918.2^ENSG00000225798.1	chr15:58893977:+	YES_LDAS	0.1546	GT	1.8295	AG	1.9086	[INTERCHROMOSOMAL[chr14--chr15]]	VCAP|AC025918.2--ZNF410
VCAP	ZDHHC7--H3F3B	4	0	4	0	ONLY_REF_SPLICE	ZDHHC7^ENSG00000153786.11	chr16:84995922:-	H3F3B^ENSG00000132475.7	chr17:75779184:-	YES_LDAS	0.1237	GT	1.8062	AG	1.6895	[INTERCHROMOSOMAL[chr16--chr17]]	VCAP|H3F3B--ZDHHC7
VCAP	PSMG1--UNK	4	0	4	0	ONLY_REF_SPLICE	PSMG1^ENSG00000183527.10	chr21:39177435:-	UNK^ENSG00000132478.8	chr17:75809760:+	YES_LDAS	0.1237	GT	1.5656	AG	1.8892	[CCLE_StarF2019,INTERCHROMOSOMAL[chr21--chr17]]	VCAP|PSMG1--UNK
VCAP	ARMC6--SSX3	4	0	4	0	ONLY_REF_SPLICE	ARMC6^ENSG00000105676.12	chr19:19033930:+	SSX3^ENSG00000165584.14	chrX:48355269:-	YES_LDAS	0.1237	GT	1.5058	AG	1.8892	[CCLE_StarF2019,INTERCHROMOSOMAL[chr19--chrX]]	VCAP|ARMC6--SSX3
VCAP	PDGFA--FO538757.2	4	1	4	1	ONLY_REF_SPLICE	PDGFA^ENSG00000197461.12	chr7:510809:-	FO538757.2^ENSG00000279457.2	chr1:186469:-	YES_LDAS	0.1546	GT	1.8062	AG	1.8892	[INTERCHROMOSOMAL[chr7--chr1]]	VCAP|FO538757.2--PDGFA
VCAP	JMY--DMGDH	4	1	4	1	ONLY_REF_SPLICE	JMY^ENSG00000152409.8	chr5:79278083:+	DMGDH^ENSG00000132837.13	chr5:79033408:-	YES_LDAS	0.1546	GT	1.7465	AG	1.8892	[CCLE_StarF2019,INTRACHROMOSOMAL[chr5:0.00Mb],LOCAL_INVERSION:+:-:[151]]	VCAP|DMGDH--JMY
VCAP	C16orf70--ENKD1	4	1	4	0.67	INCL_NON_REF_SPLICE	C16orf70^ENSG00000125149.10	chr16:67110239:+	ENKD1^ENSG00000124074.10	chr16:67667093:-	YES_LDAS	0.1444	GT	1.9219	AG	1.9656	[CCLE_StarF2019,INTRACHROMOSOMAL[chr16:0.51Mb]]	VCAP|C16orf70--ENKD1
VCAP	ANO10--SLMAP	4	1	4	1	ONLY_REF_SPLICE	ANO10^ENSG00000160746.11	chr3:43689311:-	SLMAP^ENSG00000163681.13	chr3:57857733:+	YES_LDAS	0.1546	GT	1.5301	AG	1.9656	[INTRACHROMOSOMAL[chr3:14.06Mb]]	VCAP|ANO10--SLMAP
VCAP	CNNM4--PARD3B	3	2	3	2	ONLY_REF_SPLICE	CNNM4^ENSG00000158158.10	chr2:96808742:+	PARD3B^ENSG00000116117.16	chr2:204965152:+	YES_LDAS	0.1546	GT	1.9656	AG	1.6402	[CCLE_StarF2019,INTRACHROMOSOMAL[chr2:107.73Mb]]	VCAP|CNNM4--PARD3B
VCAP	ZDHHC7--ABCB9	3	8	3	0.86	INCL_NON_REF_SPLICE	ZDHHC7^ENSG00000153786.11	chr16:84990304:-	ABCB9^ENSG00000150967.16	chr12:122966766:-	YES_LDAS	0.1194	GT	1.8295	AG	1.7465	[CCLE_StarF2019,INTERCHROMOSOMAL[chr16--chr12]]	VCAP|ABCB9--ZDHHC7
VCAP	ZNF577--ZNF432	2	2	2	1.75	ONLY_REF_SPLICE	ZNF577^ENSG00000161551.11	chr19:51878389:-	ZNF432^ENSG00000256087.5	chr19:52047060:-	YES_LDAS	0.1159	GT	1.8892	AG	1.8892	[DGD_PARALOGS,HGNC_GENEFAM,INTRACHROMOSOMAL[chr19:0.14Mb]]	VCAP|ZNF432--ZNF577
VCAP	ARHGAP23--F13A1	2	2	2	2	ONLY_REF_SPLICE	ARHGAP23^ENSG00000275832.3	chr17:38482678:+	F13A1^ENSG00000124491.14	chr6:6250929:-	YES_LDAS	0.1236	GT	1.9086	AG	1.8892	[INTERCHROMOSOMAL[chr17--chr6]]	VCAP|ARHGAP23--F13A1
VCAP	PSMG1--UNK	2	6	2	3.6	ONLY_REF_SPLICE	PSMG1^ENSG00000183527.10	chr21:39177435:-	UNK^ENSG00000132478.8	chr17:75792313:+	YES_LDAS	0.1731	GT	1.5656	AG	1.8892	[CCLE_StarF2019,INTERCHROMOSOMAL[chr21--chr17]]	VCAP|PSMG1--UNK
KIJK	NPM1--ALK	1554	856	1553.83	855.7	ONLY_REF_SPLICE	NPM1^ENSG00000181163.12	chr5:171391799:+	ALK^ENSG00000171094.14	chr2:29223528:-	YES_LDAS	56.9958	GT	1.9656	AG	1.9086	[Mitelman,ChimerKB,ChimerSeq,CCLE_StarF2019,Klijn_CellLines,chimerdb_omim,chimerdb_pubmed,ChimerPub,Cosmic,INTERCHROMOSOMAL[chr5--chr2]]	KIJK|ALK--NPM1
KIJK	SCMH1--NPM1	170	0	169.4	0	ONLY_REF_SPLICE	SCMH1^ENSG00000010803.15	chr1:41242059:-	NPM1^ENSG00000181163.12	chr5:171392710:+	YES_LDAS	4.007	GT	1.4716	AG	1.7465	[CCLE_StarF2019,INTERCHROMOSOMAL[chr1--chr5]]	KIJK|NPM1--SCMH1
KIJK	YTHDF2--TAF12	99	58	99	58	ONLY_REF_SPLICE	YTHDF2^ENSG00000198492.13	chr1:28743986:+	TAF12^ENSG00000120656.10	chr1:28622165:-	YES_LDAS	3.7137	GT	1.4566	AG	1.7968	[CCLE_StarF2019,INTRACHROMOSOMAL[chr1:0.09Mb],LOCAL_INVERSION:+:-:[93536]]	KIJK|TAF12--YTHDF2
KIJK	LEPROT--LEPR	57	15	57	15	ONLY_REF_SPLICE	LEPROT^ENSG00000213625.7	chr1:65425378:+	LEPR^ENSG00000116678.17	chr1:65565546:+	YES_LDAS	1.7031	GT	1.8256	AG	1.9219	[GTEx_recurrent_StarF2019,ChimerSeq,INTRACHROMOSOMAL[chr1:0.09Mb],NEIGHBORS[89682]]	KIJK|LEPR--LEPROT
KIJK	ZFYVE27--C10orf76	30	13	30	12.55	ONLY_REF_SPLICE	ZFYVE27^ENSG00000155256.16	chr10:97744915:+	C10orf76^ENSG00000120029.11	chr10:101889490:-	YES_LDAS	1.0065	GT	1.8062	AG	1.7056	[CCLE_StarF2019,INTRACHROMOSOMAL[chr10:4.08Mb]]	KIJK|C10orf76--ZFYVE27
KIJK	ZC3H15--ITGAV	28	8	28	8	ONLY_REF_SPLICE	ZC3H15^ENSG00000065548.16	chr2:186486457:+	ITGAV^ENSG00000138448.10	chr2:186640915:+	YES_LDAS	0.8515	GT	1.7465	AG	1.9219	[TCGA_StarF2019,CCLE_StarF2019,INTRACHROMOSOMAL[chr2:0.08Mb],NEIGHBORS[80702]]	KIJK|ITGAV--ZC3H15
KIJK	RP11-439L18.2--HIVEP2	15	7	15	7	INCL_NON_REF_SPLICE	RP11-439L18.2^ENSG00000224460.1	chr6:142945944:-	HIVEP2^ENSG00000010818.7	chr6:142837047:-	YES_LDAS	0.5204	GT	1.9329	AG	1.9086	[INTRACHROMOSOMAL[chr6:0.00Mb],NEIGHBORS[846]]	KIJK|HIVEP2--RP11-439L18.2
KIJK	CTD-2337A12.1--CAST	13	0	13	0	ONLY_REF_SPLICE	CTD-2337A12.1^ENSG00000251314.2	chr5:96379652:+	CAST^ENSG00000153113.22	chr5:96675539:+	YES_LDAS	0.3075	GT	1.7819	AG	1.8295	[INTRACHROMOSOMAL[chr5:0.11Mb]]	KIJK|CAST--CTD-2337A12.1
KIJK	EEF1DP3--FRY	12	4	12	4	ONLY_REF_SPLICE	EEF1DP3^ENSG00000229715.4	chr13:31946181:+	FRY^ENSG00000073910.18	chr13:32078834:+	YES_LDAS	0.3785	GT	1.8256	AG	1.7819	[GTEx_recurrent_StarF2019,Babiceanu_Normal,INTRACHROMOSOMAL[chr13:0.08Mb],NEIGHBORS[77828]]	KIJK|EEF1DP3--FRY
KIJK	RP11-262H14.12--RP11-262H14.3	12	8	12	8	ONLY_REF_SPLICE	RP11-262H14.12^ENSG00000273509.1	chr9:62929128:+	RP11-262H14.3^ENSG00000234665.7	chr9:62869304:-	YES_LDAS	0.4731	GT	1.8892	AG	1.7232	[INTRACHROMOSOMAL[chr9:0.03Mb],LOCAL_INVERSION:+:-:[26824]]	KIJK|RP11-262H14.12--RP11-262H14.3
KIJK	RP11-444D3.1--SOX5	8	6	8	5.22	ONLY_REF_SPLICE	RP11-444D3.1^ENSG00000255864.4	chr12:24213343:-	SOX5^ENSG00000134532.14	chr12:23896024:-	YES_LDAS	0.3127	GT	1.8892	AG	1.9899	[INTRACHROMOSOMAL[chr12:0.26Mb]]	KIJK|RP11-444D3.1--SOX5
KIJK	TVP23C--CDRT4	7	4	7	4	ONLY_REF_SPLICE	TVP23C^ENSG00000175106.15	chr17:15540433:-	CDRT4^ENSG00000239704.9	chr17:15440285:-	YES_LDAS	0.2602	GT	1.8323	AG	1.9899	[INTRACHROMOSOMAL[chr17:0.03Mb],NEIGHBORS[26536]]	KIJK|CDRT4--TVP23C
KIJK	FAM179B--FANCM	7	8	7	8	ONLY_REF_SPLICE	FAM179B^ENSG00000198718.11	chr14:44964467:+	FANCM^ENSG00000187790.9	chr14:45148837:+	YES_LDAS	0.3548	GT	1.6895	AG	1.9899	[INTRACHROMOSOMAL[chr14:0.06Mb],NEIGHBORS[61509]]	KIJK|FAM179B--FANCM
KIJK	UMAD1--GLCCI1	5	0	5	0	ONLY_REF_SPLICE	UMAD1^ENSG00000219545.8	chr7:7801743:+	GLCCI1^ENSG00000106415.11	chr7:8003908:+	YES_LDAS	0.1183	GT	1.9656	AG	1.7465	[GTEx_recurrent_StarF2019,INTRACHROMOSOMAL[chr7:0.00Mb],NEIGHBORS[774]]	KIJK|GLCCI1--UMAD1
KIJK	POC1B--DUSP6	2	3	2	3	ONLY_REF_SPLICE	POC1B^ENSG00000139323.12	chr12:89459638:-	DUSP6^ENSG00000139318.7	chr12:89351025:-	YES_LDAS	0.1183	GT	1.8062	AG	1.9086	[GTEx_recurrent_StarF2019,INTRACHROMOSOMAL[chr12:0.07Mb],NEIGHBORS[66447]]	KIJK|DUSP6--POC1B
KIJK	MIR4435-1HG--AC093616.4	1	5	1	5	ONLY_REF_SPLICE	MIR4435-1HG^ENSG00000172965.13	chr2:111344061:-	AC093616.4^ENSG00000234231.3	chr2:87707762:+	YES_LDAS	0.142	GT	1.8295	AG	1.8892	[INTRACHROMOSOMAL[chr2:23.46Mb]]	KIJK|AC093616.4--MIR4435-1HG
DMS53	TMEM131--AC009237.2	93	27	46.5	13.5	INCL_NON_REF_SPLICE	TMEM131^ENSG00000075568.15	chr2:97833365:-	AC009237.2^ENSG00000223917.1	chr2:95488629:-	YES_LDAS	1.7498	GT	1.8295	AG	1.9329	[INTRACHROMOSOMAL[chr2:2.27Mb]]	DMS53|AC009237.2--TMEM131
DMS53	R3HCC1L--PGAM1	83	42	81.73	39.18	ONLY_REF_SPLICE	R3HCC1L^ENSG00000166024.12	chr10:98163397:+	PGAM1^ENSG00000171314.8	chr10:97430379:+	YES_LDAS	3.5261	GT	1.8323	AG	1.9086	[INTRACHROMOSOMAL[chr10:0.70Mb]]	DMS53|PGAM1--R3HCC1L
DMS53	RP11-662M24.2--RIMBP2	71	48	71	42.5	INCL_NON_REF_SPLICE	RP11-662M24.2^ENSG00000256725.1	chr12:130628322:-	RIMBP2^ENSG00000060709.12	chr12:130517917:-	YES_LDAS	3.31	GT	1.9329	AG	1.6402	[INTRACHROMOSOMAL[chr12:0.11Mb]]	DMS53|RIMBP2--RP11-662M24.2
DMS53	GALNT8--PRMT8	65	21	65	21	ONLY_REF_SPLICE	GALNT8^ENSG00000130035.5	chr12:4765546:+	PRMT8^ENSG00000111218.10	chr12:3553651:+	YES_LDAS	2.508	GT	1.9329	AG	1.9899	[Klijn_CellLines,CCLE_StarF2019,INTRACHROMOSOMAL[chr12:1.13Mb]]	DMS53|GALNT8--PRMT8
DMS53	NLRP1--STAT5A	39	0	39	0	ONLY_REF_SPLICE	NLRP1^ENSG00000091592.14	chr17:5619331:-	STAT5A^ENSG00000126561.15	chr17:42291972:+	YES_LDAS	1.1374	GT	1.9656	AG	1.7968	[CCLE_StarF2019,INTRACHROMOSOMAL[chr17:36.67Mb]]	DMS53|NLRP1--STAT5A
DMS53	KRT7--OR7E47P	36	16	36	10.11	ONLY_REF_SPLICE	KRT7^ENSG00000135480.13	chr12:52245632:+	OR7E47P^ENSG00000257542.4	chr12:52107379:+	YES_LDAS	1.3447	GT	1.371	AG	1.9086	[TCGA_StarF2019,CCLE_StarF2019,INTRACHROMOSOMAL[chr12:0.14Mb]]	DMS53|KRT7--OR7E47P
DMS53	AP003900.6--bP-2189O9.3	32	0	32	0	ONLY_REF_SPLICE	AP003900.6^ENSG00000277693.1	chr21:10342616:-	bP-2189O9.3^ENSG00000279579.2	chr21:8761276:+	YES_LDAS	0.9332	GT	1.6895	AG	1.8295	[INTRACHROMOSOMAL[chr21:1.57Mb]]	DMS53|AP003900.6--bP-2189O9.3
DMS53	LEPROT--LEPR	31	0	31	0	ONLY_REF_SPLICE	LEPROT^ENSG00000213625.7	chr1:65425378:+	LEPR^ENSG00000116678.17	chr1:65565546:+	YES_LDAS	0.9041	GT	1.8256	AG	1.9219	[GTEx_recurrent_StarF2019,ChimerSeq,INTRACHROMOSOMAL[chr1:0.09Mb],NEIGHBORS[89682]]	DMS53|LEPR--LEPROT
DMS53	RP11-59N23.1--CMAS	27	7	27	6.3	ONLY_REF_SPLICE	RP11-59N23.1^ENSG00000255644.1	chr12:21760085:+	CMAS^ENSG00000111726.11	chr12:22055149:+	YES_LDAS	0.9711	GT	1.9899	AG	1.8323	[INTRACHROMOSOMAL[chr12:0.28Mb]]	DMS53|CMAS--RP11-59N23.1
DMS53	ABR--CDK14	21	1	21	0.72	INCL_NON_REF_SPLICE	ABR^ENSG00000159842.13	chr17:1003686:-	CDK14^ENSG00000058091.15	chr7:91045897:+	YES_LDAS	0.6334	GT	1.9899	AG	1.9899	[INTERCHROMOSOMAL[chr17--chr7]]	DMS53|ABR--CDK14
DMS53	USP43--CNTLN	21	11	21	11	ONLY_REF_SPLICE	USP43^ENSG00000154914.15	chr17:9666751:+	CNTLN^ENSG00000044459.13	chr9:17226203:+	YES_LDAS	0.9332	GT	1.8295	AG	1.4256	[Klijn_CellLines,CCLE_StarF2019,INTERCHROMOSOMAL[chr17--chr9]]	DMS53|CNTLN--USP43
DMS53	KRT7--OR7E47P	20	17	20	6.89	ONLY_REF_SPLICE	KRT7^ENSG00000135480.13	chr12:52248211:+	OR7E47P^ENSG00000257542.4	chr12:52107379:+	YES_LDAS	0.7842	GT	1.9899	AG	1.9086	[TCGA_StarF2019,CCLE_StarF2019,INTRACHROMOSOMAL[chr12:0.14Mb]]	DMS53|KRT7--OR7E47P
DMS53	RP11-662M24.2--RIMBP2	20	30	20	5.5	INCL_NON_REF_SPLICE	RP11-662M24.2^ENSG00000256725.1	chr12:130628322:-	RIMBP2^ENSG00000060709.12	chr12:130506770:-	YES_LDAS	0.7437	GT	1.9329	AG	1.7819	[INTRACHROMOSOMAL[chr12:0.11Mb]]	DMS53|RIMBP2--RP11-662M24.2
DMS53	RASSF8--TSPAN9	13	0	13	0	ONLY_REF_SPLICE	RASSF8^ENSG00000123094.14	chr12:25959148:+	TSPAN9^ENSG00000011105.10	chr12:3278421:+	YES_LDAS	0.3791	GT	1.9656	AG	1.5058	[CCLE_StarF2019,INTRACHROMOSOMAL[chr12:22.67Mb]]	DMS53|RASSF8--TSPAN9
DMS53	WHSC1L1--RP11-101E5.1	12	0	5.99	0	ONLY_REF_SPLICE	WHSC1L1^ENSG00000147548.15	chr8:38381799:-	RP11-101E5.1^ENSG00000275676.1	chr9:61230975:-	YES_LDAS	0.1747	GT	1.7968	AG	1.8256	[INTERCHROMOSOMAL[chr8--chr9]]	DMS53|RP11-101E5.1--WHSC1L1
DMS53	CTD-2008L17.1--RP11-456O19.2	11	11	11	9.4	ONLY_REF_SPLICE	CTD-2008L17.1^ENSG00000267327.1	chr18:55893442:+	RP11-456O19.2^ENSG00000267057.4	chr18:56050080:+	YES_LDAS	0.5949	GT	1.5546	AG	1.2419	[INTRACHROMOSOMAL[chr18:0.02Mb],NEIGHBORS[18613]]	DMS53|CTD-2008L17.1--RP11-456O19.2
DMS53	RP11-59N23.3--CMAS	11	17	11	17	ONLY_REF_SPLICE	RP11-59N23.3^ENSG00000256615.1	chr12:21662771:+	CMAS^ENSG00000111726.11	chr12:22055149:+	YES_LDAS	0.8166	GT	1.8062	AG	1.8323	[INTRACHROMOSOMAL[chr12:0.29Mb]]	DMS53|CMAS--RP11-59N23.3
DMS53	MACC1--AC005062.2	10	3	10	3	ONLY_REF_SPLICE	MACC1^ENSG00000183742.11	chr7:20154193:-	AC005062.2^ENSG00000243004.4	chr7:20045561:-	YES_LDAS	0.3791	GT	1.7056	AG	1.8323	[INTRACHROMOSOMAL[chr7:0.01Mb],NEIGHBORS_OVERLAP:-:-:[5798]]	DMS53|AC005062.2--MACC1
DMS53	CPNE8--TRIM3	9	1	9	1	ONLY_REF_SPLICE	CPNE8^ENSG00000139117.12	chr12:38730283:-	TRIM3^ENSG00000110171.17	chr11:6465732:-	YES_LDAS	0.2917	GT	1.9086	AG	1.6402	[CCLE_StarF2019,INTERCHROMOSOMAL[chr12--chr11]]	DMS53|CPNE8--TRIM3
DMS53	CTD-2008L17.1--RP11-456O19.2	8	5	8	1.6	ONLY_REF_SPLICE	CTD-2008L17.1^ENSG00000267327.1	chr18:55893442:+	RP11-456O19.2^ENSG00000267057.4	chr18:56096075:+	YES_LDAS	0.28	GT	1.5546	AG	1.9219	[INTRACHROMOSOMAL[chr18:0.02Mb],NEIGHBORS[18613]]	DMS53|CTD-2008L17.1--RP11-456O19.2
DMS53	NLRP1--STAT5A	7	0	7	0	INCL_NON_REF_SPLICE	NLRP1^ENSG00000091592.14	chr17:5619331:-	STAT5A^ENSG00000126561.15	chr17:42286643:+	YES_LDAS	0.2041	GT	1.9656	AG	1.9656	[CCLE_StarF2019,INTRACHROMOSOMAL[chr17:36.67Mb]]	DMS53|NLRP1--STAT5A
DMS53	RP11-507B12.1--RP11-507B12.2	6	0	6	0	ONLY_REF_SPLICE	RP11-507B12.1^ENSG00000259675.1	chr15:61715115:-	RP11-507B12.2^ENSG00000259616.2	chr15:61590003:-	YES_LDAS	0.175	GT	1.8892	AG	1.8062	[INTRACHROMOSOMAL[chr15:0.00Mb],NEIGHBORS[3900]]	DMS53|RP11-507B12.1--RP11-507B12.2
DMS53	PCDHA3--PCDHAC1	6	0	6	0	INCL_NON_REF_SPLICE	PCDHA3^ENSG00000255408.3	chr5:140803591:+	PCDHAC1^ENSG00000248383.4	chr5:140978949:+	YES_LDAS	0.175	GT	1.9086	AG	1.3996	[DGD_PARALOGS,HGNC_GENEFAM,INTRACHROMOSOMAL[chr5:0.12Mb]]	DMS53|PCDHA3--PCDHAC1
DMS53	RP4-535B20.1--JAK1	6	1	6	1	ONLY_REF_SPLICE	RP4-535B20.1^ENSG00000231485.1	chr1:65067604:-	JAK1^ENSG00000162434.10	chr1:64886341:-	YES_LDAS	0.2042	GT	1.2867	AG	1.9656	[INTRACHROMOSOMAL[chr1:0.10Mb]]	DMS53|JAK1--RP4-535B20.1
DMS53	RP11-123O10.4--GRIP1	6	1	6	0.86	ONLY_REF_SPLICE	RP11-123O10.4^ENSG00000256248.1	chr12:67069050:-	GRIP1^ENSG00000155974.10	chr12:66596927:-	YES_LDAS	0.2001	GT	1.2729	AG	1.9656	[INTRACHROMOSOMAL[chr12:0.09Mb],NEIGHBORS[87690]]	DMS53|GRIP1--RP11-123O10.4
DMS53	KIAA0232--CH507-528H12.1	6	2	6	2	ONLY_REF_SPLICE	KIAA0232^ENSG00000170871.10	chr4:6824684:+	CH507-528H12.1^ENSG00000280441.1	chr21:8405960:+	YES_LDAS	0.2333	GT	1.8256	AG	1.9329	[INTERCHROMOSOMAL[chr4--chr21]]	DMS53|CH507-528H12.1--KIAA0232
DMS53	RP11-636O21.1--RP11-244M2.1	6	5	6	5	ONLY_REF_SPLICE	RP11-636O21.1^ENSG00000267413.1	chr18:39862144:-	RP11-244M2.1^ENSG00000267374.1	chr18:39751360:-	YES_LDAS	0.3208	GT	1.7465	AG	1.8892	[INTRACHROMOSOMAL[chr18:0.04Mb],NEIGHBORS[40856]]	DMS53|RP11-244M2.1--RP11-636O21.1
DMS53	UBQLN2--LINC01420	5	0	5	0	INCL_NON_REF_SPLICE	UBQLN2^ENSG00000188021.8	chrX:56563740:+	LINC01420^ENSG00000204272.9	chrX:56732063:+	YES_LDAS	0.1458	GT	1.9899	AG	1.7968	[INTRACHROMOSOMAL[chrX:0.16Mb]]	DMS53|LINC01420--UBQLN2
DMS53	TMEM260--RAB1B	5	0	5	0	ONLY_REF_SPLICE	TMEM260^ENSG00000070269.12	chr14:56636598:+	RAB1B^ENSG00000174903.13	chr11:66271797:+	YES_LDAS	0.1458	GT	1.9656	AG	1.8892	[INTERCHROMOSOMAL[chr14--chr11]]	DMS53|RAB1B--TMEM260
DMS53	PCDHA2--PCDHAC2	5	0	5	0	ONLY_REF_SPLICE	PCDHA2^ENSG00000204969.6	chr5:140797352:+	PCDHAC2^ENSG00000243232.4	chr5:140978949:+	YES_LDAS	0.1458	GT	1.6895	AG	1.3996	[DGD_PARALOGS,HGNC_GENEFAM,INTRACHROMOSOMAL[chr5:0.16Mb]]	DMS53|PCDHA2--PCDHAC2
DMS53	RP11-368L12.1--RP11-96H17.1	5	2	5	1.43	INCL_NON_REF_SPLICE	RP11-368L12.1^ENSG00000260658.4	chr16:63305347:-	RP11-96H17.1^ENSG00000261502.3	chr16:63090322:-	YES_LDAS	0.1875	GT	1.8256	AG	1.9899	[INTRACHROMOSOMAL[chr16:0.18Mb]]	DMS53|RP11-368L12.1--RP11-96H17.1
DMS53	EEF1DP3--FRY	5	3	5	3	ONLY_REF_SPLICE	EEF1DP3^ENSG00000229715.4	chr13:31946181:+	FRY^ENSG00000073910.18	chr13:32078834:+	YES_LDAS	0.2333	GT	1.8256	AG	1.7819	[GTEx_recurrent_StarF2019,Babiceanu_Normal,INTRACHROMOSOMAL[chr13:0.08Mb],NEIGHBORS[77828]]	DMS53|EEF1DP3--FRY
DMS53	AEBP2--RP11-405A12.2	5	3	5	2.33	INCL_NON_REF_SPLICE	AEBP2^ENSG00000139154.13	chr12:19720691:+	RP11-405A12.2^ENSG00000255910.1	chr12:19923198:+	YES_LDAS	0.2138	GT	1.9656	AG	1.8295	[INTRACHROMOSOMAL[chr12:0.05Mb],NEIGHBORS[54650]]	DMS53|AEBP2--RP11-405A12.2
DMS53	ABR--CDK14	5	4	5	3.28	INCL_NON_REF_SPLICE	ABR^ENSG00000159842.13	chr17:1003644:-	CDK14^ENSG00000058091.15	chr7:91045897:+	YES_LDAS	0.2415	GT	1.7819	AG	1.9899	[INTERCHROMOSOMAL[chr17--chr7]]	DMS53|ABR--CDK14
DMS53	RP11-439L18.2--HIVEP2	4	0	4	0	INCL_NON_REF_SPLICE	RP11-439L18.2^ENSG00000224460.1	chr6:142945944:-	HIVEP2^ENSG00000010818.7	chr6:142837047:-	YES_LDAS	0.1167	GT	1.9329	AG	1.9086	[INTRACHROMOSOMAL[chr6:0.00Mb],NEIGHBORS[846]]	DMS53|HIVEP2--RP11-439L18.2
DMS53	NLRP1--STAT5A	4	0	4	0	ONLY_REF_SPLICE	NLRP1^ENSG00000091592.14	chr17:5619331:-	STAT5A^ENSG00000126561.15	chr17:42288056:+	YES_LDAS	0.1167	GT	1.9656	AG	1.8323	[CCLE_StarF2019,INTRACHROMOSOMAL[chr17:36.67Mb]]	DMS53|NLRP1--STAT5A
DMS53	POC1B--MGAT4C	4	1	4	1	INCL_NON_REF_SPLICE	POC1B^ENSG00000139323.12	chr12:89525120:-	MGAT4C^ENSG00000182050.12	chr12:86838880:-	YES_LDAS	0.1459	GT	1.9329	AG	1.9086	[INTRACHROMOSOMAL[chr12:2.58Mb]]	DMS53|MGAT4C--POC1B
DMS53	PEX5L--STRADB	4	1	4	1	ONLY_REF_SPLICE	PEX5L^ENSG00000114757.17	chr3:180036579:-	STRADB^ENSG00000082146.11	chr2:201454746:+	YES_LDAS	0.1459	GT	1.8256	AG	1.9086	[INTERCHROMOSOMAL[chr3--chr2]]	DMS53|PEX5L--STRADB
DMS53	KIF26B--EFCAB2	4	7	4	7	ONLY_REF_SPLICE	KIF26B^ENSG00000162849.14	chr1:245646280:+	EFCAB2^ENSG00000203666.11	chr1:245087245:+	YES_LDAS	0.3208	GT	1.5058	AG	1.7465	[CCLE_StarF2019,INTRACHROMOSOMAL[chr1:0.03Mb],LOCAL_REARRANGEMENT:+:[27821]]	DMS53|EFCAB2--KIF26B
DMS53	RPLP0--AC010524.2	3	1	3	1	ONLY_REF_SPLICE	RPLP0^ENSG00000089157.14	chr12:120200730:-	AC010524.2^ENSG00000268686.1	chr19:49382948:-	YES_LDAS	0.1167	GT	1.8062	AG	1.8892	[INTERCHROMOSOMAL[chr12--chr19]]	DMS53|AC010524.2--RPLP0
DMS53	CASC20--BMP2	3	1	3	1	INCL_NON_REF_SPLICE	CASC20^ENSG00000229876.1	chr20:6568705:+	BMP2^ENSG00000125845.6	chr20:6778245:+	YES_LDAS	0.1167	GT	1.8295	AG	1.8892	[INTRACHROMOSOMAL[chr20:0.24Mb]]	DMS53|BMP2--CASC20
DMS53	UMAD1--GLCCI1	3	2	3	2	ONLY_REF_SPLICE	UMAD1^ENSG00000219545.8	chr7:7801743:+	GLCCI1^ENSG00000106415.11	chr7:8003908:+	YES_LDAS	0.1458	GT	1.9656	AG	1.7465	[GTEx_recurrent_StarF2019,INTRACHROMOSOMAL[chr7:0.00Mb],NEIGHBORS[774]]	DMS53|GLCCI1--UMAD1
DMS53	AEBP2--RP11-405A12.2	3	2	3	0.67	INCL_NON_REF_SPLICE	AEBP2^ENSG00000139154.13	chr12:19720691:+	RP11-405A12.2^ENSG00000255910.1	chr12:19944379:+	YES_LDAS	0.107	GT	1.9656	AG	1.9329	[INTRACHROMOSOMAL[chr12:0.05Mb],NEIGHBORS[54650]]	DMS53|AEBP2--RP11-405A12.2
DMS53	ATF2--CHN1	3	3	3	3	ONLY_REF_SPLICE	ATF2^ENSG00000115966.15	chr2:175080660:-	CHN1^ENSG00000128656.12	chr2:174952202:-	YES_LDAS	0.175	GT	1.9086	AG	1.6402	[ConjoinG,GTEx_recurrent_StarF2019,INTRACHROMOSOMAL[chr2:0.07Mb],NEIGHBORS[66881]]	DMS53|ATF2--CHN1
DMS53	RP11-59N23.1--CMAS	3	7	3	0.7	INCL_NON_REF_SPLICE	RP11-59N23.1^ENSG00000255644.1	chr12:21760085:+	CMAS^ENSG00000111726.11	chr12:22035981:+	YES_LDAS	0.1079	GT	1.9899	AG	1.8892	[INTRACHROMOSOMAL[chr12:0.28Mb]]	DMS53|CMAS--RP11-59N23.1
DMS53	RP11-654D12.2--RP11-567C2.1	3	9	3	9	INCL_NON_REF_SPLICE	RP11-654D12.2^ENSG00000258216.4	chr12:89989289:+	RP11-567C2.1^ENSG00000257194.2	chr12:90094436:+	YES_LDAS	0.35	GT	1.8892	AG	1.8892	[INTRACHROMOSOMAL[chr12:0.12Mb]]	DMS53|RP11-567C2.1--RP11-654D12.2
DMS53	RP11-59N23.3--RP11-59N23.1	3	13	3	13	ONLY_REF_SPLICE	RP11-59N23.3^ENSG00000256615.1	chr12:21662771:+	RP11-59N23.1^ENSG00000255644.1	chr12:21766356:+	YES_LDAS	0.4666	GT	1.8062	AG	1.8892	[INTRACHROMOSOMAL[chr12:0.00Mb],NEIGHBORS_OVERLAP:+:+:[52]]	DMS53|RP11-59N23.1--RP11-59N23.3
DMS53	TVP23C--CDRT4	2	2	2	2	ONLY_REF_SPLICE	TVP23C^ENSG00000175106.15	chr17:15540433:-	CDRT4^ENSG00000239704.9	chr17:15440285:-	YES_LDAS	0.1166	GT	1.8323	AG	1.9899	[INTRACHROMOSOMAL[chr17:0.03Mb],NEIGHBORS[26536]]	DMS53|CDRT4--TVP23C
DMS53	RP4-769N13.6--GPRASP2	2	2	2	2	ONLY_REF_SPLICE	RP4-769N13.6^ENSG00000271147.6	chrX:102605653:+	GPRASP2^ENSG00000158301.17	chrX:102713782:+	YES_LDAS	0.1166	GT	1.6895	AG	1.9656	[INTRACHROMOSOMAL[chrX:0.06Mb],NEIGHBORS[62031]]	DMS53|GPRASP2--RP4-769N13.6
DMS53	RP11-120D5.1--MID1	2	4	2	4	ONLY_REF_SPLICE	RP11-120D5.1^ENSG00000234129.6	chrX:11055936:-	MID1^ENSG00000101871.13	chrX:10567603:-	YES_LDAS	0.175	GT	1.9219	AG	1.9656	[INTRACHROMOSOMAL[chrX:0.01Mb],NEIGHBORS[14223]]	DMS53|MID1--RP11-120D5.1
